#group,FALSE,FALSE,FALSE,TRUE,TRUE,FALSE,FALSE,FALSE,FALSE
#datatype,string,long,dateTime:RFC3339,string,string,double,double,double,double
#default,_result,,,,,,,,
,result,table,_time,device,location,altitude,humidity,pressure,temperature
,,0,2025-04-29T15:00:24.9766408Z,esp32,Inside,35.6575,46.60059,1018.683,21.87
,,0,2025-04-29T15:01:26.5489653Z,esp32,Inside,35.81895,46.39844,1018.664,21.9
,,0,2025-04-29T15:02:28.0881395Z,esp32,Inside,35.89665,48.18359,1018.654,22.01
,,0,2025-04-29T15:03:29.6300307Z,esp32,Inside,35.78313,45.75684,1018.668,22.11
,,0,2025-04-29T15:04:31.2748768Z,esp32,Inside,36.10857,45.64746,1018.629,22.16
,,0,2025-04-29T15:05:32.6381773Z,esp32,Inside,35.99353,45.80469,1018.643,22.24
,,0,2025-04-29T15:06:34.4591288Z,esp32,Inside,36.80791,45.73926,1018.544,22.27
,,0,2025-04-29T15:07:36.0139662Z,esp32,Inside,36.49557,45.51855,1018.582,22.36
,,0,2025-04-29T15:08:37.3592206Z,esp32,Inside,36.97493,45.58105,1018.524,22.53
,,0,2025-04-29T15:09:38.8054137Z,esp32,Inside,36.91034,43.88281,1018.532,23.2
,,0,2025-04-29T15:10:40.631275Z,esp32,Inside,37.32563,42.67383,1018.482,23.64
,,0,2025-04-29T15:11:42.3786468Z,esp32,Inside,37.50628,43.09668,1018.46,23.63
,,0,2025-04-29T15:12:43.9185432Z,esp32,Inside,37.45582,43.21289,1018.466,23.39
,,0,2025-04-29T15:13:45.3596378Z,esp32,Inside,37.24792,43.48047,1018.491,23.32
,,0,2025-04-29T15:14:46.9016238Z,esp32,Inside,37.44926,43.57324,1018.467,23.21
,,0,2025-04-29T15:15:48.2625726Z,esp32,Inside,37.39476,45.85059,1018.473,23.14
,,0,2025-04-29T15:16:49.8863676Z,esp32,Inside,37.23076,44.05273,1018.493,23.17
,,0,2025-04-29T15:17:51.5309177Z,esp32,Inside,37.61781,43.33008,1018.446,23.19
,,0,2025-04-29T15:18:53.071354Z,esp32,Inside,37.52899,42.40039,1018.457,23.31
,,0,2025-04-29T15:19:54.4356264Z,esp32,Inside,37.49266,42.61523,1018.461,23.15
,,0,2025-04-29T15:20:56.051253Z,esp32,Inside,38.24054,43.09668,1018.371,23.02
,,0,2025-04-29T15:21:57.3132133Z,esp32,Inside,38.43736,43.07129,1018.347,23
,,0,2025-04-29T15:22:58.9322806Z,esp32,Inside,38.46209,41.33008,1018.344,24.04
,,0,2025-04-29T15:24:00.3753541Z,esp32,Inside,37.97711,42.35547,1018.403,23.33
,,0,2025-04-29T15:25:01.9123507Z,esp32,Inside,38.40506,43.00391,1018.351,23.02
,,0,2025-04-29T15:26:03.4561438Z,esp32,Inside,38.31725,43.40527,1018.362,22.78
,,0,2025-04-29T15:27:04.8949666Z,esp32,Inside,38.19512,44.1543,1018.377,22.58
,,0,2025-04-29T15:28:06.4404789Z,esp32,Inside,37.69249,44.14355,1018.437,23.05
,,0,2025-04-29T15:29:07.9794448Z,esp32,Inside,38.85776,43.9375,1018.297,23.05
,,0,2025-04-29T15:30:09.4198838Z,esp32,Inside,38.78004,44.20605,1018.306,23.11
,,0,2025-04-29T15:31:11.167633Z,esp32,Inside,38.48278,43.85059,1018.342,23.22
,,0,2025-04-29T15:32:12.6096224Z,esp32,Inside,39.09698,44.19043,1018.268,23.29
,,0,2025-04-29T15:33:14.1510298Z,esp32,Inside,39.06065,43.87891,1018.272,23.4
,,0,2025-04-29T15:34:15.6902569Z,esp32,Inside,39.07478,43.8418,1018.27,23.49
,,0,2025-04-29T15:35:17.1323279Z,esp32,Inside,39.69306,43.84375,1018.196,23.51
,,0,2025-04-29T15:36:18.5708072Z,esp32,Inside,39.03996,44.08496,1018.275,23.51
,,0,2025-04-29T15:37:20.0361049Z,esp32,Inside,38.96879,43.77441,1018.283,23.5
,,0,2025-04-29T15:38:21.8600744Z,esp32,Inside,39.8147,44.00879,1018.181,23.55
,,0,2025-04-29T15:39:23.6086685Z,esp32,Inside,39.82933,43.85352,1018.179,23.73
,,0,2025-04-29T15:40:25.110556Z,esp32,Inside,40.45472,44.68262,1018.104,23.28
,,0,2025-04-29T15:41:26.5949576Z,esp32,Inside,40.18972,44.77832,1018.136,23.2
,,0,2025-04-29T15:42:28.1342295Z,esp32,Inside,40.58294,44.73438,1018.088,23.23
,,0,2025-04-29T15:43:29.574081Z,esp32,Inside,40.93124,45.04297,1018.046,23.21
,,0,2025-04-29T15:44:31.1162527Z,esp32,Inside,40.62382,44.91699,1018.083,23.33
,,0,2025-04-29T15:45:32.5528767Z,esp32,Inside,41.05693,44.05371,1018.031,23.89
,,0,2025-04-29T16:58:30.0168471Z,esp32,Inside,52.00165,40.64648,1016.71,24.89
,,0,2025-04-29T16:59:31.611149Z,esp32,Inside,51.61508,40.57715,1016.756,24.76
,,0,2025-04-29T17:00:33.1299804Z,esp32,Inside,52.33921,40.04297,1016.669,24.59
,,0,2025-04-29T17:01:34.6761249Z,esp32,Inside,52.40188,39.77246,1016.661,24.53
,,0,2025-04-29T17:02:36.2160906Z,esp32,Inside,52.51002,39.79102,1016.648,24.47
,,0,2025-04-29T17:03:37.5526721Z,esp32,Inside,53.50006,39.97461,1016.529,24.47
,,0,2025-04-29T17:04:39.2065098Z,esp32,Inside,53.03106,40.36426,1016.585,24.31
,,0,2025-04-29T17:05:40.7397246Z,esp32,Inside,53.0255,40.11621,1016.586,24.25
,,0,2025-04-29T17:06:42.4869402Z,esp32,Inside,52.78999,40.08887,1016.614,24.19
,,0,2025-04-29T17:07:43.8252722Z,esp32,Inside,53.01438,40.06934,1016.587,24.11
,,0,2025-04-29T17:08:45.0572945Z,esp32,Inside,53.84475,39.99414,1016.487,24.04
,,0,2025-04-29T17:09:46.5629375Z,esp32,Inside,53.83919,40.05957,1016.488,23.99
,,0,2025-04-29T17:10:48.1428629Z,esp32,Inside,54.13335,40.15625,1016.452,23.92
,,0,2025-04-29T17:11:49.8804608Z,esp32,Inside,54.12677,40.11914,1016.453,23.89
,,0,2025-04-29T17:12:51.3983811Z,esp32,Inside,55.17712,40.01172,1016.326,23.85
,,0,2025-04-29T17:13:52.9766821Z,esp32,Inside,54.94257,39.99707,1016.355,23.81
,,0,2025-04-29T17:14:54.5185458Z,esp32,Inside,54.99211,40.04004,1016.349,23.77
,,0,2025-04-29T17:15:55.95644Z,esp32,Inside,55.41874,39.94238,1016.297,23.72
,,0,2025-04-29T17:16:57.6064105Z,esp32,Inside,55.03103,40.06738,1016.344,23.7
,,0,2025-04-29T17:17:59.143268Z,esp32,Inside,55.33078,40.12305,1016.308,23.67
,,0,2025-04-29T17:19:00.689604Z,esp32,Inside,56.08197,40.58496,1016.217,23.7
,,0,2025-04-29T17:20:02.2296036Z,esp32,Inside,56.15679,40.18164,1016.208,23.69
,,0,2025-04-29T17:21:03.7743205Z,esp32,Inside,56.33474,40.31836,1016.187,23.67
,,0,2025-04-29T17:22:05.4770596Z,esp32,Inside,56.58144,40.21191,1016.157,23.65
,,0,2025-04-29T17:23:06.8549533Z,esp32,Inside,56.49196,40.29004,1016.168,23.62
,,0,2025-04-29T17:24:08.3998772Z,esp32,Inside,57.50462,40.12793,1016.046,23.59
,,0,2025-04-29T17:25:09.8369501Z,esp32,Inside,57.0597,40.13867,1016.099,23.59
,,0,2025-04-29T17:26:11.3811776Z,esp32,Inside,56.9955,40.18262,1016.107,23.57
,,0,2025-04-29T17:27:12.9269196Z,esp32,Inside,57.00106,40.36621,1016.106,23.56
,,0,2025-04-29T17:28:14.4687812Z,esp32,Inside,57.26801,40.09082,1016.074,23.57
,,0,2025-04-29T17:29:15.9143246Z,esp32,Inside,57.48591,40.00977,1016.048,23.56
,,0,2025-04-29T17:30:17.4105944Z,esp32,Inside,57.74073,39.91699,1016.017,23.56
,,0,2025-04-29T17:31:18.8905606Z,esp32,Inside,57.70332,39.79883,1016.022,23.53
,,0,2025-04-29T17:32:20.4289244Z,esp32,Inside,58.40917,39.89063,1015.937,23.52
,,0,2025-04-29T17:33:21.7327156Z,esp32,Inside,58.91482,39.85449,1015.876,23.5
,,0,2025-04-29T17:34:23.2059162Z,esp32,Inside,58.86527,39.84375,1015.882,23.51
,,0,2025-04-29T17:35:24.6464878Z,esp32,Inside,58.93353,39.7168,1015.873,23.51
,,0,2025-04-29T17:36:26.193165Z,esp32,Inside,59.40533,39.62695,1015.816,23.52
,,0,2025-04-29T17:37:27.7315367Z,esp32,Inside,59.54035,39.55762,1015.8,23.53
,,0,2025-04-29T17:38:29.379858Z,esp32,Inside,59.36134,39.46289,1015.822,23.5
,,0,2025-04-29T17:39:30.7138213Z,esp32,Inside,59.66121,39.61133,1015.786,23.48
,,0,2025-04-29T17:40:32.461475Z,esp32,Inside,59.68447,40.28809,1015.783,23.46
,,0,2025-04-29T17:41:33.8599083Z,esp32,Inside,60.25239,40.59961,1015.714,23.48
,,0,2025-04-29T17:42:35.3410875Z,esp32,Inside,60.02077,40.32617,1015.742,23.5
,,0,2025-04-29T17:43:36.6763082Z,esp32,Inside,59.92671,40.28125,1015.754,23.51
,,0,2025-04-29T17:44:38.1164675Z,esp32,Inside,60.02077,40.20215,1015.742,23.53
,,0,2025-04-29T17:45:39.6297589Z,esp32,Inside,60.01622,40.41016,1015.743,23.55
,,0,2025-04-29T17:46:41.0996494Z,esp32,Inside,60.08449,40.28613,1015.735,23.57
,,0,2025-04-29T17:47:42.5406565Z,esp32,Inside,60.4117,40.25391,1015.695,23.6
,,0,2025-04-29T17:49:16.6430419Z,esp32,Inside,59.59244,40.3252,1015.794,23.63
,,0,2025-04-29T17:50:18.1532511Z,esp32,Inside,60.31055,40.21191,1015.707,23.65
,,0,2025-04-29T17:51:19.6261284Z,esp32,Inside,60.06831,40.33008,1015.737,23.67
,,0,2025-04-29T17:52:21.0469647Z,esp32,Inside,61.13442,40.10059,1015.608,23.68
,,0,2025-04-29T17:53:22.6126391Z,esp32,Inside,61.41715,40.1709,1015.574,23.7
,,0,2025-04-29T17:54:23.9456049Z,esp32,Inside,61.67511,40.0459,1015.543,23.71
,,0,2025-04-29T17:55:25.3854086Z,esp32,Inside,61.40956,40.10449,1015.575,23.73
,,0,2025-04-29T17:56:27.0342466Z,esp32,Inside,62.4657,40.03711,1015.448,23.75
,,0,2025-04-29T17:57:28.5737607Z,esp32,Inside,62.29979,39.86621,1015.468,23.76
,,0,2025-04-29T17:58:30.1131715Z,esp32,Inside,62.03423,39.90137,1015.5,23.78
,,0,2025-04-29T17:59:31.6623845Z,esp32,Inside,63.15113,40.00684,1015.365,23.79
,,0,2025-04-29T18:00:33.1992171Z,esp32,Inside,62.91843,39.93848,1015.393,23.8
,,0,2025-04-29T18:01:34.6505516Z,esp32,Inside,63.17592,39.95117,1015.362,23.82
,,0,2025-04-29T18:02:36.1612615Z,esp32,Inside,63.60238,39.90625,1015.31,23.83
,,0,2025-04-29T18:03:37.7264266Z,esp32,Inside,63.30846,40.01074,1015.346,23.84
,,0,2025-04-29T18:04:39.2657872Z,esp32,Inside,63.79361,40.11523,1015.287,23.84
,,0,2025-04-29T18:05:40.6906095Z,esp32,Inside,63.1228,39.79297,1015.368,23.84
,,0,2025-04-29T18:06:42.2490092Z,esp32,Inside,62.88859,40.04883,1015.397,24
,,0,2025-04-29T18:07:43.6869635Z,esp32,Inside,63.09447,39.47461,1015.372,24.16
,,0,2025-04-29T18:08:45.2321987Z,esp32,Inside,63.45567,39.26465,1015.328,24.26
,,0,2025-04-29T18:09:46.7728261Z,esp32,Inside,64.02026,39.28613,1015.26,24.37
,,0,2025-04-29T18:10:48.3175913Z,esp32,Inside,64.255,39.41016,1015.232,24.46
,,0,2025-04-29T18:11:49.759988Z,esp32,Inside,64.09007,39.28027,1015.252,24.57
,,0,2025-04-29T18:12:51.3983295Z,esp32,Inside,64.05061,39.62598,1015.256,24.7
,,0,2025-04-29T18:13:52.9413226Z,esp32,Inside,64.21706,39.39258,1015.236,24.79
,,0,2025-04-29T18:14:54.283464Z,esp32,Inside,64.36378,39.53516,1015.219,24.84
,,0,2025-04-29T18:15:55.8216079Z,esp32,Inside,63.73897,39.50977,1015.294,24.82
,,0,2025-04-29T18:16:57.4710938Z,esp32,Inside,63.82042,39.39453,1015.284,24.81
,,0,2025-04-29T18:17:58.9377797Z,esp32,Inside,64.29345,39.24512,1015.227,24.7
,,0,2025-04-29T18:19:00.4492593Z,esp32,Inside,65.11562,39.52246,1015.128,24.57
,,0,2025-04-29T18:20:01.9892643Z,esp32,Inside,64.6385,39.89453,1015.186,24.48
,,0,2025-04-29T18:21:03.5351886Z,esp32,Inside,65.529,39.76953,1015.078,24.36
,,0,2025-04-29T18:22:05.0830464Z,esp32,Inside,65.78958,39.91992,1015.047,24.24
,,0,2025-04-29T18:23:06.6229922Z,esp32,Inside,64.42803,40.3418,1015.211,24.2
,,0,2025-04-29T18:24:08.162883Z,esp32,Inside,65.19657,40.58984,1015.118,24.13
,,0,2025-04-29T18:25:09.5980491Z,esp32,Inside,64.94409,40.44434,1015.149,24.05
,,0,2025-04-29T18:26:11.3498603Z,esp32,Inside,65.52647,40.88672,1015.079,23.98
,,0,2025-04-29T18:27:12.6833735Z,esp32,Inside,65.71824,40.60645,1015.055,23.93
,,0,2025-04-29T18:28:14.2266867Z,esp32,Inside,66.28952,40.87891,1014.987,23.89
,,0,2025-04-29T18:29:15.6709599Z,esp32,Inside,66.49649,40.95508,1014.962,23.85
,,0,2025-04-29T18:30:17.3103724Z,esp32,Inside,66.80568,41.01172,1014.924,23.83
,,0,2025-04-29T18:31:18.8313872Z,esp32,Inside,66.9079,39.97266,1014.912,23.8
,,0,2025-04-29T18:32:20.393522Z,esp32,Inside,66.87299,38.58594,1014.916,23.74
,,0,2025-04-29T18:33:21.7335195Z,esp32,Inside,67.13563,39.52246,1014.885,23.66
,,0,2025-04-29T18:34:23.2772139Z,esp32,Inside,66.88007,40.29785,1014.915,23.58
,,0,2025-04-29T18:35:24.9258107Z,esp32,Inside,67.47318,40.97559,1014.844,23.57
,,0,2025-04-29T18:36:26.3620165Z,esp32,Inside,68.00154,41.1377,1014.78,23.57
,,0,2025-04-29T18:37:27.7977117Z,esp32,Inside,68.03848,41.22168,1014.776,23.62
,,0,2025-04-29T18:38:29.237958Z,esp32,Inside,67.68826,41.69531,1014.818,23.64
,,0,2025-04-29T18:39:30.8836383Z,esp32,Inside,68.23789,41.70801,1014.752,23.65
,,0,2025-04-29T18:40:32.4314043Z,esp32,Inside,67.84212,40.60059,1014.8,23.62
,,0,2025-04-29T18:41:34.0758264Z,esp32,Inside,68.20044,40.07813,1014.756,23.57
,,0,2025-04-29T18:42:35.7138277Z,esp32,Inside,68.70354,40.38574,1014.696,23.52
,,0,2025-04-29T18:43:37.2592512Z,esp32,Inside,68.82248,40.72754,1014.681,23.49
,,0,2025-04-29T18:44:39.0048728Z,esp32,Inside,69.43443,40.33594,1014.608,23.48
,,0,2025-04-29T18:45:40.4545356Z,esp32,Inside,69.64651,40.47266,1014.582,23.47
,,0,2025-04-29T18:46:42.0879464Z,esp32,Inside,69.21626,40.32129,1014.634,23.46
,,0,2025-04-29T18:47:43.5311377Z,esp32,Inside,69.61564,40.60645,1014.586,23.43
,,0,2025-04-29T18:48:45.0752682Z,esp32,Inside,69.12668,40.68652,1014.645,23.42
,,0,2025-04-29T18:49:46.8178235Z,esp32,Inside,69.39596,43.33691,1014.612,23.61
,,0,2025-04-29T18:50:48.0618567Z,esp32,Inside,70.34306,44.78711,1014.498,23.87
,,0,2025-04-29T18:51:49.5944791Z,esp32,Inside,70.35267,45.74805,1014.497,23.94
,,0,2025-04-29T18:52:51.1365786Z,esp32,Inside,70.37798,44.03418,1014.494,23.81
,,0,2025-04-29T18:53:52.5681265Z,esp32,Inside,70.07375,43.66895,1014.531,24.07
,,0,2025-04-29T18:54:54.1199136Z,esp32,Inside,70.30964,44.10156,1014.502,24.26
,,0,2025-04-29T18:55:55.6626395Z,esp32,Inside,70.34457,44.06348,1014.498,24.34
,,0,2025-04-29T18:56:57.0893904Z,esp32,Inside,70.22764,43.6377,1014.512,24.35
,,0,2025-04-29T18:57:58.643477Z,esp32,Inside,69.83229,44.17773,1014.56,24.33
,,0,2025-04-29T18:59:00.2892168Z,esp32,Inside,69.8419,43.72949,1014.559,24.34
,,0,2025-04-29T19:00:01.8452997Z,esp32,Inside,71.30846,43.51465,1014.382,24.37
,,0,2025-04-29T19:01:03.4751748Z,esp32,Inside,71.27707,43.17773,1014.386,24.35
,,0,2025-04-29T19:02:04.9133299Z,esp32,Inside,71.76512,43.53125,1014.327,24.31
,,0,2025-04-29T19:03:06.5590119Z,esp32,Inside,72.01776,42.95605,1014.297,24.31
,,0,2025-04-30T01:47:54.1991598Z,esp32,Inside,100.2916,38.90527,1010.896,23.04
,,0,2025-04-30T01:48:55.521866Z,esp32,Inside,100.3256,40.30273,1010.892,23.24
,,0,2025-04-30T01:49:56.9604136Z,esp32,Inside,100.1586,40.80469,1010.912,23.45
,,0,2025-04-30T01:50:58.4978886Z,esp32,Inside,100.185,39.7041,1010.909,23.63
,,0,2025-04-30T01:52:00.1408086Z,esp32,Inside,100.5059,39.24805,1010.87,23.68
,,0,2025-04-30T01:53:01.6860409Z,esp32,Inside,100.3348,39.11328,1010.891,23.71
,,0,2025-04-30T01:54:03.1270921Z,esp32,Inside,100.6196,39.06836,1010.857,23.73
,,0,2025-04-30T01:55:04.7683485Z,esp32,Inside,100.7069,39.42676,1010.846,23.74
,,0,2025-04-30T01:56:06.3104827Z,esp32,Inside,101.3101,39.38281,1010.774,23.76
,,0,2025-04-30T01:57:07.7493898Z,esp32,Inside,100.6059,39.6377,1010.858,23.78
,,0,2025-04-30T01:58:09.29142Z,esp32,Inside,100.7252,39.94922,1010.844,23.8
,,0,2025-04-30T01:59:10.8339998Z,esp32,Inside,100.8876,39.98633,1010.825,23.82
,,0,2025-04-30T02:00:12.4825512Z,esp32,Inside,101.1085,40.02246,1010.798,23.84
,,0,2025-04-30T02:01:14.0214903Z,esp32,Inside,101.7518,40.32227,1010.721,23.85
,,0,2025-04-30T02:02:15.5635826Z,esp32,Inside,101.1699,40.61133,1010.791,23.87
,,0,2025-04-30T02:03:17.1047466Z,esp32,Inside,101.5807,40.49902,1010.741,23.89
,,0,2025-04-30T02:04:18.6372986Z,esp32,Inside,101.8168,40.69531,1010.713,23.9
,,0,2025-04-30T02:05:20.0051718Z,esp32,Inside,101.4517,40.8457,1010.757,23.91
,,0,2025-04-30T02:06:21.5590165Z,esp32,Inside,102.0869,41.04297,1010.68,23.93
,,0,2025-04-30T02:07:23.2013872Z,esp32,Inside,102.287,41.10156,1010.656,23.94
,,0,2025-04-30T02:08:24.7518054Z,esp32,Inside,102.5033,41.05664,1010.63,23.95
,,0,2025-04-30T02:09:26.1162895Z,esp32,Inside,102.3789,41.2998,1010.645,23.97
,,0,2025-04-30T02:10:27.7503841Z,esp32,Inside,102.8395,40.9873,1010.59,23.95
,,0,2025-04-30T02:11:29.3080852Z,esp32,Inside,102.4231,41.44922,1010.64,23.96
,,0,2025-04-30T02:12:30.9216685Z,esp32,Inside,102.2037,41.51953,1010.667,23.98
,,0,2025-04-30T02:13:32.60743Z,esp32,Inside,101.8407,41.92285,1010.71,23.98
,,0,2025-04-30T02:14:34.1569217Z,esp32,Inside,101.9285,42.14258,1010.7,24
,,0,2025-04-30T02:15:35.6086749Z,esp32,Inside,102.028,42.4209,1010.688,24.02
,,0,2025-04-30T02:16:37.0582338Z,esp32,Inside,102.289,42.14648,1010.656,24.03
,,0,2025-04-30T02:17:38.604282Z,esp32,Inside,102.4444,42.48047,1010.638,24.04
,,0,2025-04-30T02:18:40.0532622Z,esp32,Inside,102.7587,42.53906,1010.6,24.05
,,0,2025-04-30T02:19:41.6060498Z,esp32,Inside,102.1809,42.62109,1010.669,24.07
,,0,2025-04-30T02:20:43.0540072Z,esp32,Inside,101.962,42.85352,1010.695,24.08
,,0,2025-04-30T02:21:44.3957237Z,esp32,Inside,101.438,42.94629,1010.758,24.09
,,0,2025-04-30T02:22:45.8434824Z,esp32,Inside,101.0684,42.84277,1010.803,24.1
,,0,2025-04-30T02:23:47.7447112Z,esp32,Inside,100.5297,42.95898,1010.867,24.11
,,0,2025-04-30T02:24:49.2664203Z,esp32,Inside,99.46768,43.08691,1010.995,24.11
,,0,2025-04-30T02:25:50.5988035Z,esp32,Inside,98.56463,42.98438,1011.104,24.13
,,0,2025-04-30T02:26:52.1461483Z,esp32,Inside,98.21033,43.42383,1011.146,24.16
,,0,2025-04-30T02:29:42.6511831Z,esp32,Inside,98.4022,43.69531,1011.123,24.34
,,0,2025-04-30T02:30:44.0519978Z,esp32,Inside,98.20272,43.08496,1011.147,24.34
,,0,2025-04-30T02:31:45.5561301Z,esp32,Inside,98.19308,43.23145,1011.148,24.31
,,0,2025-04-30T02:32:47.1045744Z,esp32,Inside,97.68652,43.37695,1011.209,24.27
,,0,2025-04-30T02:33:48.5375224Z,esp32,Inside,97.8931,43.24805,1011.184,24.24
,,0,2025-04-30T02:34:50.1862099Z,esp32,Inside,97.52665,43.61426,1011.228,24.22
,,0,2025-04-30T02:35:51.8373689Z,esp32,Inside,97.31906,43.66992,1011.253,24.2
,,0,2025-04-30T02:36:53.4901977Z,esp32,Inside,97.33632,43.69043,1011.251,24.18
,,0,2025-04-30T02:37:55.0380821Z,esp32,Inside,97.50939,43.81543,1011.23,24.16
,,0,2025-04-30T02:38:56.4978836Z,esp32,Inside,97.86417,43.87207,1011.188,24.15
,,0,2025-04-30T02:39:58.0283272Z,esp32,Inside,97.4089,43.87109,1011.242,24.14
,,0,2025-04-30T02:41:01.3181992Z,esp32,Inside,97.24395,43.74316,1011.262,24.13
,,0,2025-04-30T02:42:02.8644237Z,esp32,Inside,96.8562,43.66211,1011.309,24.12
,,0,2025-04-30T02:43:04.3095872Z,esp32,Inside,96.83691,43.54688,1011.311,24.11
,,0,2025-04-30T02:44:05.8133985Z,esp32,Inside,97.3485,43.30469,1011.25,24.11
,,0,2025-04-30T02:45:07.4027617Z,esp32,Inside,96.79429,43.20117,1011.316,24.11
,,0,2025-04-30T02:46:08.7428554Z,esp32,Inside,97.41956,43.03809,1011.241,24.09
,,0,2025-04-30T02:47:10.1039153Z,esp32,Inside,97.19624,42.98047,1011.268,24.09
,,0,2025-04-30T02:48:11.9531246Z,esp32,Inside,97.37845,42.7373,1011.246,24.08
,,0,2025-04-30T02:49:13.6891143Z,esp32,Inside,97.12975,42.73633,1011.276,24.07
,,0,2025-04-30T02:50:15.0571881Z,esp32,Inside,97.23482,42.73633,1011.263,24.06
,,0,2025-04-30T02:51:16.5745158Z,esp32,Inside,97.61496,42.62012,1011.218,24.06
,,0,2025-04-30T02:52:18.1273387Z,esp32,Inside,98.33774,42.53809,1011.131,24.04
,,0,2025-04-30T02:53:21.9221358Z,esp32,Inside,98.11694,43.79297,1011.157,24.05
,,0,2025-04-30T02:54:23.38632Z,esp32,Inside,98.5088,44.23047,1011.11,24.04
,,0,2025-04-30T02:55:25.0157838Z,esp32,Inside,98.4621,45.27734,1011.116,24.06
,,0,2025-04-30T02:56:26.457672Z,esp32,Inside,98.57884,45.60352,1011.102,24.1
,,0,2025-04-30T02:57:28.0045748Z,esp32,Inside,98.57174,45.68652,1011.103,24.13
,,0,2025-04-30T02:58:29.6501142Z,esp32,Inside,98.6296,46.15137,1011.096,24.16
,,0,2025-04-30T02:59:31.093753Z,esp32,Inside,98.94128,46.21094,1011.058,24.19
,,0,2025-04-30T03:00:32.4603664Z,esp32,Inside,99.13366,45.50098,1011.035,24.21
,,0,2025-04-30T03:01:34.0033527Z,esp32,Inside,99.48901,45.29492,1010.992,24.23
,,0,2025-04-30T03:02:35.4251987Z,esp32,Inside,99.17072,45.20313,1011.031,24.23
,,0,2025-04-30T03:03:36.7633828Z,esp32,Inside,99.77684,45.17871,1010.958,24.21
,,0,2025-04-30T03:04:38.3085927Z,esp32,Inside,99.88345,45.17773,1010.945,24.21
,,0,2025-04-30T03:05:39.9564933Z,esp32,Inside,100.1256,45.63867,1010.916,24.21
,,0,2025-04-30T03:06:41.6275034Z,esp32,Inside,99.95655,45.44238,1010.936,24.21
,,0,2025-04-30T03:07:43.0481463Z,esp32,Inside,99.83269,45.51172,1010.951,24.21
,,0,2025-04-30T03:08:44.4606288Z,esp32,Inside,100.086,45.27051,1010.921,24.21
,,0,2025-04-30T03:09:45.9345088Z,esp32,Inside,100.8602,45.26855,1010.828,24.2
,,0,2025-04-30T03:10:47.5842493Z,esp32,Inside,100.3297,45.29199,1010.892,24.2
,,0,2025-04-30T03:11:49.1279909Z,esp32,Inside,100.8948,45.80859,1010.824,24.2
,,0,2025-04-30T03:12:50.671406Z,esp32,Inside,100.8562,45.69531,1010.828,24.2
,,0,2025-04-30T03:13:52.2264343Z,esp32,Inside,101.2649,45.31543,1010.779,24.2
,,0,2025-04-30T03:14:53.863113Z,esp32,Inside,101.6751,45.33789,1010.73,24.2
,,0,2025-04-30T03:15:55.4385328Z,esp32,Inside,102.0082,45.70801,1010.69,24.22
,,0,2025-04-30T03:16:56.6726161Z,esp32,Inside,102.3789,45.08691,1010.645,24.22
,,0,2025-04-30T03:17:58.394172Z,esp32,Inside,102.5251,45.6748,1010.628,24.23
,,0,2025-04-30T03:19:00.2468195Z,esp32,Inside,102.3281,45.15918,1010.652,24.25
,,0,2025-04-30T03:20:01.7536043Z,esp32,Inside,102.2372,44.86133,1010.662,24.26
,,0,2025-04-30T03:21:03.1605847Z,esp32,Inside,101.8549,44.81738,1010.708,24.29
,,0,2025-04-30T03:22:04.7790629Z,esp32,Inside,101.7112,44.91211,1010.726,24.31
,,0,2025-04-30T03:23:06.1176557Z,esp32,Inside,101.2116,44.51074,1010.786,24.32
,,0,2025-04-30T03:24:07.5591782Z,esp32,Inside,101.239,44.32813,1010.782,24.34
,,0,2025-04-30T03:25:09.0015435Z,esp32,Inside,101.434,44.33984,1010.759,24.35
,,0,2025-04-30T03:26:10.6475852Z,esp32,Inside,101.2116,44.55957,1010.786,24.36
,,0,2025-04-30T03:27:12.1928252Z,esp32,Inside,100.9973,44.46875,1010.811,24.37
,,0,2025-04-30T03:28:13.7392285Z,esp32,Inside,101.2486,44.38965,1010.781,24.38
,,0,2025-04-30T03:29:15.2819551Z,esp32,Inside,101.3898,44.03418,1010.764,24.39
,,0,2025-04-30T03:30:16.8267226Z,esp32,Inside,101.7919,43.87402,1010.716,24.4
,,0,2025-04-30T03:31:18.5755051Z,esp32,Inside,101.6528,43.6416,1010.733,24.39
,,0,2025-04-30T03:32:20.1192165Z,esp32,Inside,101.6497,43.51367,1010.733,24.37
,,0,2025-04-30T03:33:21.5609722Z,esp32,Inside,100.8607,43.75586,1010.828,24.37
,,0,2025-04-30T03:34:23.1039154Z,esp32,Inside,101.0603,43.7207,1010.804,24.37
,,0,2025-04-30T03:35:24.6503806Z,esp32,Inside,101.0318,43.75586,1010.807,24.38
,,0,2025-04-30T03:36:25.9884386Z,esp32,Inside,100.9801,43.75684,1010.813,24.39
,,0,2025-04-30T03:37:27.6326001Z,esp32,Inside,101.2024,43.99023,1010.787,24.41
,,0,2025-04-30T03:38:29.1775869Z,esp32,Inside,100.8907,44.06152,1010.824,24.45
,,0,2025-04-30T03:39:30.8225531Z,esp32,Inside,101.174,43.87012,1010.79,24.49
,,0,2025-04-30T03:40:34.518545Z,esp32,Inside,101.3299,44.17285,1010.771,24.51
,,0,2025-04-30T03:41:36.0612019Z,esp32,Inside,101.5446,44.20703,1010.746,24.51
,,0,2025-04-30T03:42:37.6666258Z,esp32,Inside,101.603,44.27637,1010.739,24.52
,,0,2025-04-30T03:43:39.1494073Z,esp32,Inside,101.701,44.44824,1010.727,24.51
,,0,2025-04-30T03:44:40.8995712Z,esp32,Inside,102.3002,44.26465,1010.655,24.51
,,0,2025-04-30T03:45:42.4451311Z,esp32,Inside,102.056,44.16992,1010.684,24.48
,,0,2025-04-30T03:46:44.0905519Z,esp32,Inside,101.8777,44.20215,1010.706,24.47
,,0,2025-04-30T03:47:45.5312398Z,esp32,Inside,102.1189,44.48828,1010.677,24.45
,,0,2025-04-30T03:48:47.0724701Z,esp32,Inside,102.3124,44.51074,1010.653,24.44
,,0,2025-04-30T14:19:12.5963993Z,esp32,Inside,93.58935,52.21973,1011.701,24.99
,,0,2025-04-30T14:20:14.1500703Z,esp32,Inside,93.96886,52.21973,1011.656,24.88
,,0,2025-04-30T14:21:15.5993167Z,esp32,Inside,93.90239,51.47754,1011.664,24.84
,,0,2025-04-30T14:22:16.9453671Z,esp32,Inside,93.99879,51.13477,1011.652,24.34
,,0,2025-04-30T14:23:18.5001819Z,esp32,Inside,93.9445,51.44141,1011.659,24.01
,,0,2025-04-30T14:24:20.0531378Z,esp32,Inside,93.61877,52.07813,1011.698,23.77
,,0,2025-04-30T14:25:21.8095738Z,esp32,Inside,94.30119,52.06641,1011.616,23.56
,,0,2025-04-30T14:26:23.3608993Z,esp32,Inside,93.93233,52.12012,1011.66,23.44
,,0,2025-04-30T14:27:25.012805Z,esp32,Inside,92.97547,52.66113,1011.775,23.46
,,0,2025-04-30T14:28:26.6474283Z,esp32,Inside,93.41228,51.66895,1011.723,23.4
,,0,2025-04-30T14:29:28.2133953Z,esp32,Inside,92.8111,52.4082,1011.795,23.36
,,0,2025-04-30T14:30:29.7249076Z,esp32,Inside,93.41989,52.27539,1011.722,23.29
,,0,2025-04-30T14:31:31.3127645Z,esp32,Inside,93.45693,51.70117,1011.717,23.28
,,0,2025-04-30T14:32:32.9158677Z,esp32,Inside,93.40061,51.64941,1011.724,23.23
,,0,2025-04-30T14:33:34.6522589Z,esp32,Inside,92.91154,51.45117,1011.783,23.19
,,0,2025-04-30T14:34:36.2986073Z,esp32,Inside,92.44736,51.79297,1011.839,23.18
,,0,2025-04-30T14:35:37.7991003Z,esp32,Inside,92.57215,51.52246,1011.824,23.22
,,0,2025-04-30T14:36:39.3696285Z,esp32,Inside,92.69543,51.21875,1011.809,23.17
,,0,2025-04-30T14:37:40.7152809Z,esp32,Inside,91.78079,51.0332,1011.919,23.14
,,0,2025-04-30T14:38:42.1593131Z,esp32,Inside,92.26423,51.44727,1011.861,23.16
,,0,2025-04-30T14:39:43.6074699Z,esp32,Inside,91.81579,50.85449,1011.915,23.09
,,0,2025-04-30T14:40:44.8543763Z,esp32,Inside,91.45057,51.02148,1011.958,22.94
,,0,2025-04-30T14:41:46.3985067Z,esp32,Inside,91.06811,50.81152,1012.004,22.9
,,0,2025-04-30T14:42:47.8457526Z,esp32,Inside,90.97224,50.85449,1012.016,22.89
,,0,2025-04-30T14:43:49.3977664Z,esp32,Inside,90.85,50.90234,1012.031,22.9
,,0,2025-04-30T14:44:50.884305Z,esp32,Inside,91.3831,50.64453,1011.967,22.85
,,0,2025-04-30T14:45:52.4292539Z,esp32,Inside,90.77087,50.55273,1012.04,22.85
,,0,2025-04-30T14:46:54.0368851Z,esp32,Inside,90.32758,50.52734,1012.093,22.73
,,0,2025-04-30T14:47:55.4851249Z,esp32,Inside,90.12318,50.67676,1012.118,22.73
,,0,2025-04-30T14:48:57.2368022Z,esp32,Inside,89.64238,50.75977,1012.176,22.87
,,0,2025-04-30T14:49:58.5768676Z,esp32,Inside,90.15767,50.62012,1012.114,22.94
,,0,2025-04-30T14:50:59.8186366Z,esp32,Inside,90.24541,50.42188,1012.103,22.91
,,0,2025-04-30T14:52:01.3663119Z,esp32,Inside,90.40366,50.36328,1012.084,22.9
,,0,2025-04-30T14:53:02.6074191Z,esp32,Inside,90.27229,50.38672,1012.1,22.9
,,0,2025-04-30T14:54:04.1543104Z,esp32,Inside,90.22665,50.11816,1012.106,22.85
,,0,2025-04-30T14:55:05.7013462Z,esp32,Inside,89.71795,49.96387,1012.167,22.8
,,0,2025-04-30T14:56:07.3525206Z,esp32,Inside,89.55972,50.07031,1012.186,22.84
,,0,2025-04-30T14:57:08.8310411Z,esp32,Inside,89.83308,49.78516,1012.153,22.75
,,0,2025-04-30T14:58:10.3440259Z,esp32,Inside,90.07398,49.70117,1012.124,22.71
,,0,2025-04-30T14:59:11.7874148Z,esp32,Inside,89.13676,50.74512,1012.237,22.84
,,0,2025-04-30T15:00:13.2330948Z,esp32,Inside,89.98219,50.16211,1012.135,22.73
,,0,2025-04-30T15:01:14.8378987Z,esp32,Inside,90.13231,50.04492,1012.117,22.6
,,0,2025-04-30T15:02:16.2631703Z,esp32,Inside,89.64999,49.87109,1012.175,22.59
,,0,2025-04-30T15:03:17.8752384Z,esp32,Inside,89.45169,50.22461,1012.199,22.58
,,0,2025-04-30T15:04:19.3576389Z,esp32,Inside,88.94455,49.95605,1012.26,22.54
,,0,2025-04-30T15:05:21.168571Z,esp32,Inside,89.66165,49.5752,1012.173,22.5
,,0,2025-04-30T15:06:22.7187985Z,esp32,Inside,89.19152,49.53125,1012.23,22.52
,,0,2025-04-30T15:07:24.0579702Z,esp32,Inside,89.20674,49.30176,1012.228,22.52
,,0,2025-04-30T15:08:25.602385Z,esp32,Inside,89.39033,49.41602,1012.206,22.52
,,0,2025-04-30T15:09:27.0435301Z,esp32,Inside,89.37612,49.24512,1012.208,22.52
,,0,2025-04-30T15:10:28.4901141Z,esp32,Inside,89.63731,48.92188,1012.176,22.59
,,0,2025-04-30T15:11:29.9338486Z,esp32,Inside,89.5592,48.60156,1012.186,22.6
,,0,2025-04-30T15:12:31.4434148Z,esp32,Inside,89.48922,48.6748,1012.194,22.53
,,0,2025-04-30T15:13:32.9205125Z,esp32,Inside,89.93248,48.54297,1012.141,22.59
,,0,2025-04-30T15:14:34.5747684Z,esp32,Inside,89.45676,48.71387,1012.198,22.58
,,0,2025-04-30T15:15:35.9121426Z,esp32,Inside,89.9193,48.59375,1012.143,22.63
,,0,2025-04-30T15:16:37.5596419Z,esp32,Inside,89.80518,48.40234,1012.156,22.56
,,0,2025-04-30T15:17:39.1067861Z,esp32,Inside,89.86503,48.27832,1012.149,22.58
,,0,2025-04-30T15:18:40.6537274Z,esp32,Inside,89.47096,48.46191,1012.196,22.58
,,0,2025-04-30T15:19:42.1962277Z,esp32,Inside,89.33454,48.18848,1012.213,22.59
,,0,2025-04-30T15:20:43.7946962Z,esp32,Inside,89.51711,48.09277,1012.191,22.55
,,0,2025-04-30T15:21:45.3882678Z,esp32,Inside,89.07691,48.19629,1012.244,22.56
,,0,2025-04-30T15:22:46.8782529Z,esp32,Inside,88.95875,47.97461,1012.258,22.52
,,0,2025-04-30T15:23:48.4165842Z,esp32,Inside,89.0977,49.80078,1012.241,22.57
,,0,2025-04-30T15:24:50.024979Z,esp32,Inside,89.12509,47.95605,1012.238,22.56
,,0,2025-04-30T15:25:51.5678671Z,esp32,Inside,89.18493,47.8125,1012.231,22.5
,,0,2025-04-30T15:26:52.9518382Z,esp32,Inside,89.42278,47.81055,1012.202,22.48
,,0,2025-04-30T15:27:54.5045579Z,esp32,Inside,89.18088,47.39648,1012.231,22.47
,,0,2025-04-30T15:28:55.9995462Z,esp32,Inside,89.3102,48.35645,1012.216,22.56
,,0,2025-04-30T15:29:57.5021603Z,esp32,Inside,88.81219,48.10547,1012.276,23.1
,,0,2025-04-30T15:30:59.0899383Z,esp32,Inside,89.1048,47.72461,1012.24,23.4
,,0,2025-04-30T15:32:00.6329454Z,esp32,Inside,89.3036,47.37891,1012.217,23.59
,,0,2025-04-30T15:33:02.0824085Z,esp32,Inside,89.09517,47.07227,1012.242,23.75
,,0,2025-04-30T15:34:03.7286523Z,esp32,Inside,88.91869,46.95801,1012.263,23.86
,,0,2025-04-30T15:35:05.4256751Z,esp32,Inside,88.71736,46.58887,1012.287,23.96
,,0,2025-04-30T15:36:07.0253983Z,esp32,Inside,88.50691,46.44336,1012.312,24
,,0,2025-04-30T15:37:08.5641179Z,esp32,Inside,89.28281,46.52148,1012.219,24.07
,,0,2025-04-30T15:38:10.0021981Z,esp32,Inside,89.08249,46.62891,1012.243,24.12
,,0,2025-04-30T15:39:11.5475375Z,esp32,Inside,89.01555,46.41504,1012.251,24.17
,,0,2025-04-30T15:40:12.991161Z,esp32,Inside,88.79799,46.47656,1012.277,24.2
,,0,2025-04-30T15:41:14.3767337Z,esp32,Inside,88.34515,46.26074,1012.332,24.23
,,0,2025-04-30T15:42:15.8723222Z,esp32,Inside,88.00641,46.25195,1012.372,24.26
,,0,2025-04-30T15:43:17.3145686Z,esp32,Inside,88.35883,46.18555,1012.33,24.28
,,0,2025-04-30T15:44:18.7583297Z,esp32,Inside,88.2559,46.14355,1012.343,24.32
,,0,2025-04-30T15:45:20.2556533Z,esp32,Inside,87.62053,46.07422,1012.419,24.31
,,0,2025-04-30T15:46:21.9008062Z,esp32,Inside,87.58909,46.05176,1012.423,24.33
,,0,2025-04-30T15:47:23.5946643Z,esp32,Inside,87.85378,45.96191,1012.391,24.34
,,0,2025-04-30T15:48:25.138736Z,esp32,Inside,87.72295,45.97461,1012.407,24.35
,,0,2025-04-30T15:49:26.6078474Z,esp32,Inside,88.08754,45.92773,1012.363,24.35
,,0,2025-04-30T15:50:28.2243202Z,esp32,Inside,88.35985,45.95117,1012.33,24.35
,,0,2025-04-30T15:51:29.7239673Z,esp32,Inside,88.09464,45.72266,1012.362,24.36
,,0,2025-04-30T15:52:31.2673038Z,esp32,Inside,88.43744,46.00195,1012.321,24.39
,,0,2025-04-30T15:53:32.551701Z,esp32,Inside,89.34772,46.02734,1012.211,24.42
,,0,2025-04-30T15:54:34.094821Z,esp32,Inside,89.5303,46.02734,1012.189,24.42
,,0,2025-04-30T15:55:35.6886399Z,esp32,Inside,89.56174,45.88672,1012.185,24.39
,,0,2025-04-30T17:17:03.3414164Z,esp32,Inside,90.44322,41.80664,1012.08,24.97
,,0,2025-04-30T17:18:04.8826767Z,esp32,Inside,90.1815,42.55371,1012.111,24.93
,,0,2025-04-30T18:58:10.2439174Z,esp32,Inside,87.76605,39.67871,1012.401,24.51
,,0,2025-04-30T18:59:11.9839988Z,esp32,Inside,87.74628,39.91699,1012.404,24.6
,,0,2025-04-30T19:00:13.3098647Z,esp32,Inside,87.61394,39.86426,1012.42,24.65
,,0,2025-04-30T19:01:14.9073102Z,esp32,Inside,87.68239,39.71387,1012.411,24.65
,,0,2025-04-30T19:02:16.448492Z,esp32,Inside,87.63574,39.65332,1012.417,24.62
,,0,2025-04-30T19:03:18.1427408Z,esp32,Inside,87.60227,39.61914,1012.421,24.61
,,0,2025-04-30T19:04:19.6821735Z,esp32,Inside,87.78076,39.54688,1012.4,24.59
,,0,2025-04-30T19:05:21.3284877Z,esp32,Inside,87.60227,39.4668,1012.421,24.58
,,0,2025-04-30T19:06:22.7655412Z,esp32,Inside,87.61241,38.16797,1012.42,24.36
,,0,2025-04-30T19:07:24.2171701Z,esp32,Inside,87.57996,38.14844,1012.424,24.14
,,0,2025-04-30T19:26:54.3431407Z,esp32,Inside,87.59162,35.21191,1012.422,24.92
,,0,2025-04-30T22:19:57.8630724Z,esp32,Inside,81.07642,36.71484,1013.206,24.23
,,0,2025-04-30T22:20:59.3871698Z,esp32,Inside,81.10732,36.64746,1013.202,24.25
,,0,2025-04-30T22:22:00.8323481Z,esp32,Inside,81.10074,36.80762,1013.203,24.24
,,0,2025-04-30T22:23:02.5803978Z,esp32,Inside,81.18536,36.50684,1013.193,24.22
,,0,2025-04-30T22:24:03.8092434Z,esp32,Inside,80.64924,36.21777,1013.258,24.21
,,0,2025-04-30T22:25:05.3547583Z,esp32,Inside,81.06628,36.05371,1013.207,24.18
,,0,2025-04-30T22:26:06.7862073Z,esp32,Inside,81.31458,35.83105,1013.177,24.15
,,0,2025-04-30T22:27:08.3724135Z,esp32,Inside,81.5928,35.86523,1013.144,24.13
,,0,2025-04-30T22:28:09.8108252Z,esp32,Inside,81.4884,35.92188,1013.157,24.13
,,0,2025-04-30T22:29:11.3556252Z,esp32,Inside,81.59736,36.22266,1013.143,24.14
,,0,2025-04-30T22:30:12.8974433Z,esp32,Inside,81.59431,36.21387,1013.144,24.17
,,0,2025-04-30T22:31:14.3360034Z,esp32,Inside,81.87963,36.61914,1013.109,24.2
,,0,2025-04-30T22:32:15.8800517Z,esp32,Inside,81.78132,36.80762,1013.121,24.24
,,0,2025-04-30T22:33:17.4220583Z,esp32,Inside,81.91663,36.81055,1013.105,24.28
,,0,2025-04-30T22:34:18.9625072Z,esp32,Inside,81.84517,36.9873,1013.114,24.31
,,0,2025-04-30T22:35:20.402828Z,esp32,Inside,81.52033,37.00195,1013.153,24.36
,,0,2025-04-30T22:36:21.9444742Z,esp32,Inside,81.5852,37.08496,1013.145,24.38
,,0,2025-04-30T22:37:23.3865722Z,esp32,Inside,81.75497,37.05078,1013.124,24.39
,,0,2025-04-30T22:38:24.9280906Z,esp32,Inside,81.15851,37.05273,1013.196,24.41
,,0,2025-04-30T22:39:26.4690651Z,esp32,Inside,81.55986,37.38965,1013.148,24.44
,,0,2025-04-30T22:40:28.0128783Z,esp32,Inside,81.61155,37.18555,1013.142,24.49
,,0,2025-04-30T22:41:29.6571511Z,esp32,Inside,81.78233,37.20605,1013.121,24.59
,,0,2025-04-30T22:42:30.9933964Z,esp32,Inside,81.56341,36.97559,1013.148,24.74
,,0,2025-04-30T22:43:32.5368542Z,esp32,Inside,81.42101,36.89355,1013.165,24.87
,,0,2025-05-03T18:21:21.0803569Z,esp32,Inside,44.78502,43.45703,1007.634,24.62
,,0,2025-05-03T18:22:22.5689239Z,esp32,Inside,45.05115,43.27637,1007.602,24.66
,,0,2025-05-03T18:23:24.0653722Z,esp32,Inside,45.01075,43.66992,1007.607,24.67
,,0,2025-05-03T18:24:25.5020398Z,esp32,Inside,44.65424,43.74023,1007.649,24.69
,,0,2025-05-03T18:25:26.8459015Z,esp32,Inside,44.38358,44.15723,1007.682,24.71
,,0,2025-05-03T18:26:28.3855804Z,esp32,Inside,44.56789,44.45898,1007.66,24.73
,,0,2025-05-03T18:27:30.1294754Z,esp32,Inside,44.2437,44.46094,1007.698,24.75
,,0,2025-05-03T18:28:31.4700542Z,esp32,Inside,44.32248,44.41602,1007.689,24.76
,,0,2025-05-03T18:29:32.8562309Z,esp32,Inside,44.34065,44.42871,1007.687,24.78
,,0,2025-05-03T18:30:34.2139847Z,esp32,Inside,44.1725,44.32617,1007.707,24.79
,,0,2025-05-03T18:31:35.7889542Z,esp32,Inside,44.18513,44.59277,1007.705,24.8
,,0,2025-05-03T18:32:37.331968Z,esp32,Inside,44.62747,44.62793,1007.652,24.82
,,0,2025-05-03T18:33:38.9752462Z,esp32,Inside,43.75391,45.01074,1007.757,24.84
,,0,2025-05-03T18:34:40.5185787Z,esp32,Inside,44.59566,44.75977,1007.656,24.86
,,0,2025-05-03T18:35:42.1647416Z,esp32,Inside,45.8819,45.05859,1007.502,24.87
,,1,2025-04-29T15:46:34.0954436Z,esp32,Outside,41.44008,35.4375,1017.985,25.88
,,1,2025-04-29T15:47:35.6420544Z,esp32,Outside,40.81715,32.03418,1018.06,26.73
,,1,2025-04-29T15:48:37.0795455Z,esp32,Outside,41.32902,29.3584,1017.998,26.84
,,1,2025-04-29T15:49:38.6229443Z,esp32,Outside,42.2039,29.79688,1017.892,27.15
,,1,2025-04-29T16:02:58.7769662Z,esp32,Outside,43.03946,32.41211,1017.791,25.36
,,1,2025-04-29T16:04:00.2140322Z,esp32,Outside,43.07935,30.59863,1017.787,25.43
,,1,2025-04-29T16:05:01.7589113Z,esp32,Outside,43.57769,32.61914,1017.726,25.34
,,1,2025-04-29T16:06:03.2590857Z,esp32,Outside,43.61303,33.24902,1017.722,25.57
,,1,2025-04-29T16:21:36.6732417Z,esp32,Outside,45.4602,26.33789,1017.499,30.91
,,1,2025-04-29T16:22:38.2194387Z,esp32,Outside,45.3284,26.6377,1017.515,28.43
,,1,2025-04-29T16:23:39.7610454Z,esp32,Outside,45.07438,30.0498,1017.546,27.62
,,1,2025-04-29T16:24:41.3036857Z,esp32,Outside,45.73493,29.19238,1017.466,27.51
,,1,2025-04-29T16:25:42.4821311Z,esp32,Outside,45.58595,28.3291,1017.484,28.04
,,1,2025-04-29T16:26:43.9759428Z,esp32,Outside,45.71473,25.81055,1017.468,29.7
,,1,2025-04-29T16:27:45.5194851Z,esp32,Outside,46.10462,23.64746,1017.421,31.35
,,1,2025-04-29T16:28:46.9592103Z,esp32,Outside,45.90614,23.29395,1017.445,31.78
,,1,2025-04-29T16:29:48.401411Z,esp32,Outside,45.95361,24.75684,1017.44,29.92
,,1,2025-04-29T16:30:49.9420436Z,esp32,Outside,45.21426,24.24707,1017.529,30.04
,,1,2025-04-29T16:31:51.2787689Z,esp32,Outside,45.9521,24.6748,1017.44,29.9
,,1,2025-04-29T16:32:52.819753Z,esp32,Outside,46.06977,23.8125,1017.425,30.68
,,1,2025-04-29T16:33:54.397516Z,esp32,Outside,46.0425,23.5752,1017.429,31.54
,,1,2025-04-29T16:34:55.8375471Z,esp32,Outside,46.03492,21.33789,1017.43,33.04
,,1,2025-04-29T16:35:57.1022879Z,esp32,Outside,46.09452,20.46582,1017.422,33.85
,,1,2025-04-29T16:36:58.6210952Z,esp32,Outside,46.84251,22.84082,1017.332,31.91
,,1,2025-04-29T16:38:00.1600108Z,esp32,Outside,46.38845,23.65527,1017.387,31.72
,,1,2025-04-29T16:39:01.5989614Z,esp32,Outside,46.55513,24.06836,1017.367,30.86
,,1,2025-04-29T16:40:03.0403103Z,esp32,Outside,47.16476,24.12207,1017.293,30.99
,,1,2025-04-29T16:41:04.5903496Z,esp32,Outside,47.53348,31.1748,1017.249,29.6
,,1,2025-04-29T16:42:05.9851893Z,esp32,Outside,48.2639,33.22266,1017.161,28.84
,,1,2025-04-29T16:43:07.5276281Z,esp32,Outside,48.2053,33.05273,1017.168,28.44
,,1,2025-04-29T16:44:09.0686241Z,esp32,Outside,49.08681,33.58887,1017.061,28.12
,,1,2025-04-29T16:45:10.5092089Z,esp32,Outside,49.20351,34.37207,1017.047,27.86
,,1,2025-04-29T16:46:12.0150239Z,esp32,Outside,49.80168,34.82129,1016.975,27.64
,,1,2025-04-29T16:47:13.5849838Z,esp32,Outside,49.95072,35.01367,1016.957,27.44
,,1,2025-04-29T16:48:15.0339324Z,esp32,Outside,50.315,35.29102,1016.913,27.4
,,1,2025-04-29T16:49:16.5761675Z,esp32,Outside,50.17909,36.94531,1016.929,27.34
,,1,2025-04-29T16:50:18.1176297Z,esp32,Outside,50.37815,37.31836,1016.905,27.21
,,1,2025-04-29T16:51:19.6621134Z,esp32,Outside,50.46455,36.06445,1016.895,26.92
,,1,2025-04-29T16:52:20.8943417Z,esp32,Outside,50.57217,38.03613,1016.882,26.64
,,1,2025-04-29T16:53:22.4370569Z,esp32,Outside,50.57217,36.36914,1016.882,26.52
,,1,2025-04-29T16:54:23.9785648Z,esp32,Outside,50.33672,37.70215,1016.91,25.97
,,1,2025-04-29T16:55:25.4239349Z,esp32,Outside,51.02894,38.66406,1016.827,25.58
,,1,2025-04-29T16:56:26.971644Z,esp32,Outside,51.69846,40.16309,1016.746,25.27
,,1,2025-04-29T16:57:28.503786Z,esp32,Outside,51.55596,39.06836,1016.763,25.05
,,1,2025-04-30T13:54:35.2812568Z,esp32,Outside,93.8136,52.125,1011.674,25.65
,,1,2025-04-30T13:55:36.7319714Z,esp32,Outside,94.21291,52.11523,1011.626,25.67
,,1,2025-04-30T13:56:38.3863307Z,esp32,Outside,94.28445,52.24023,1011.618,25.56
,,1,2025-04-30T13:57:39.8248329Z,esp32,Outside,94.26618,52.32617,1011.62,25.51
,,1,2025-04-30T13:58:41.3474351Z,esp32,Outside,94.56453,52.39258,1011.584,25.49
,,1,2025-04-30T13:59:42.8875345Z,esp32,Outside,94.89333,52.3916,1011.545,25.47
,,1,2025-04-30T14:00:44.3323491Z,esp32,Outside,94.38034,52.52832,1011.606,25.46
,,1,2025-04-30T14:01:45.8697883Z,esp32,Outside,95.0349,52.76563,1011.528,25.53
,,1,2025-04-30T14:02:47.3101128Z,esp32,Outside,94.86136,52.62598,1011.548,25.61
,,1,2025-04-30T14:03:49.1615281Z,esp32,Outside,95.58598,52.45313,1011.461,25.71
,,1,2025-04-30T14:04:50.8220243Z,esp32,Outside,95.51646,52.2666,1011.47,25.79
,,1,2025-04-30T14:05:52.3669695Z,esp32,Outside,95.72147,52.40527,1011.445,25.79
,,1,2025-04-30T14:06:53.8903633Z,esp32,Outside,95.22721,52.44043,1011.505,25.7
,,1,2025-04-30T14:07:55.4360103Z,esp32,Outside,95.02729,52.71387,1011.529,25.57
,,1,2025-04-30T14:08:56.8729393Z,esp32,Outside,94.45391,52.71875,1011.597,25.52
,,1,2025-04-30T14:09:58.422386Z,esp32,Outside,94.53104,52.7959,1011.588,25.49
,,1,2025-04-30T14:10:59.9392559Z,esp32,Outside,94.8228,52.7832,1011.553,25.47
,,1,2025-04-30T14:12:01.6293682Z,esp32,Outside,94.39861,52.7373,1011.604,25.47
,,1,2025-04-30T14:13:03.0778714Z,esp32,Outside,94.79032,52.74609,1011.557,25.45
,,1,2025-04-30T14:14:04.6303294Z,esp32,Outside,95.05418,52.66504,1011.525,25.45
,,1,2025-04-30T14:15:06.384313Z,esp32,Outside,94.59801,52.6543,1011.58,25.45
,,1,2025-04-30T14:16:07.9406205Z,esp32,Outside,94.16622,52.6123,1011.632,25.39
,,1,2025-04-30T14:17:09.5950559Z,esp32,Outside,93.9993,52.48047,1011.652,25.25
,,1,2025-04-30T14:18:11.0435007Z,esp32,Outside,93.69691,52.35059,1011.688,25.12
,,1,2025-04-30T15:56:37.0818242Z,esp32,Outside,89.07691,36.23633,1012.244,30.24
,,1,2025-04-30T15:57:38.5208439Z,esp32,Outside,88.53075,23.69922,1012.309,38.79
,,1,2025-04-30T15:58:40.0731544Z,esp32,Outside,89.77069,,1012.16,44.78
,,1,2025-04-30T15:59:41.6090501Z,esp32,Outside,90.06333,,1012.125,48.38
,,1,2025-04-30T16:00:43.0518066Z,esp32,Outside,90.33163,,1012.093,49.93
,,1,2025-04-30T16:01:44.3866324Z,esp32,Outside,90.17542,,1012.112,50.76
,,1,2025-04-30T16:02:45.8858661Z,esp32,Outside,90.99152,,1012.014,44.46
,,1,2025-04-30T16:03:47.3772323Z,esp32,Outside,90.67248,22.94141,1012.052,38.45
,,1,2025-04-30T16:04:49.0194537Z,esp32,Outside,90.17542,28.10645,1012.112,34.49
,,1,2025-04-30T16:05:50.6252545Z,esp32,Outside,90.534,39.94336,1012.069,33.1
,,1,2025-04-30T16:06:52.31065Z,esp32,Outside,90.10137,41.8457,1012.121,32.32
,,1,2025-04-30T16:07:53.8541231Z,esp32,Outside,90.52995,36.9043,1012.069,31.12
,,1,2025-04-30T16:08:55.2955383Z,esp32,Outside,90.48734,38.3623,1012.074,30.36
,,1,2025-04-30T17:11:56.0354455Z,esp32,Outside,90.7308,42.10254,1012.045,25.04
,,1,2025-04-30T17:12:57.476381Z,esp32,Outside,90.11658,42.04492,1012.119,25.04
,,1,2025-04-30T17:13:58.9202027Z,esp32,Outside,90.18709,42.13477,1012.11,25.02
,,1,2025-04-30T17:15:00.4579951Z,esp32,Outside,89.91422,41.9375,1012.143,25.01
,,1,2025-04-30T17:16:01.900519Z,esp32,Outside,89.63123,42.11133,1012.177,25.01
,,1,2025-04-30T19:22:48.1690151Z,esp32,Outside,87.4892,33.76367,1012.435,25.95
,,1,2025-04-30T19:23:49.6120275Z,esp32,Outside,87.51405,34.71973,1012.432,25.57
,,1,2025-04-30T19:24:51.1584264Z,esp32,Outside,87.54447,34.50195,1012.428,25.3
,,1,2025-04-30T19:25:52.7893478Z,esp32,Outside,87.24277,35.14648,1012.464,25.12
,,1,2025-04-30T22:44:33.948346Z,esp32,Outside,81.44685,36.65137,1013.162,25.01
,,1,2025-04-30T22:45:35.5172495Z,esp32,Outside,81.35664,36.34961,1013.172,25.13
,,1,2025-04-30T22:46:37.0257521Z,esp32,Outside,81.40327,36.24414,1013.167,25.26
,,1,2025-04-30T22:47:38.5021186Z,esp32,Outside,81.13114,36.24219,1013.2,25.38
,,1,2025-04-30T22:48:40.0418235Z,esp32,Outside,81.0227,35.9502,1013.213,25.48
,,1,2025-04-30T22:49:41.2775011Z,esp32,Outside,80.55651,35.90137,1013.269,25.6
,,1,2025-04-30T22:50:42.8200648Z,esp32,Outside,80.86713,35.65234,1013.231,25.68
,,1,2025-04-30T22:51:44.2591807Z,esp32,Outside,81.02068,35.68262,1013.213,25.76
,,1,2025-04-30T22:52:45.9322125Z,esp32,Outside,80.87575,35.6084,1013.23,25.84
,,1,2025-04-30T22:53:47.4487108Z,esp32,Outside,80.79214,35.6377,1013.24,25.92
,,1,2025-04-30T22:54:49.0902248Z,esp32,Outside,80.60211,35.49316,1013.263,26
,,1,2025-04-30T22:55:50.8223516Z,esp32,Outside,80.79264,36.03418,1013.24,26.1
,,1,2025-04-30T22:56:52.4825945Z,esp32,Outside,80.65582,35.81152,1013.257,26.21
,,1,2025-04-30T22:57:53.9942427Z,esp32,Outside,80.66241,30.71973,1013.256,26.2
,,1,2025-04-30T22:58:55.3331223Z,esp32,Outside,80.39385,31.48535,1013.288,26.02
,,1,2025-04-30T22:59:56.8897375Z,esp32,Outside,80.40044,32.00684,1013.287,26.01
,,1,2025-04-30T23:00:58.4262003Z,esp32,Outside,80.61275,28.0498,1013.262,26.19
,,1,2025-04-30T23:01:59.9912979Z,esp32,Outside,80.20384,28.65137,1013.311,26.14
,,1,2025-04-30T23:03:01.5326268Z,esp32,Outside,79.68296,30.04688,1013.374,26.01
,,1,2025-04-30T23:04:03.072952Z,esp32,Outside,79.57403,31.2998,1013.387,26.02
,,1,2025-04-30T23:05:04.7208271Z,esp32,Outside,79.60798,32.33301,1013.383,26.04
,,1,2025-04-30T23:06:06.568841Z,esp32,Outside,79.90691,32.32813,1013.347,26.13
,,1,2025-04-30T23:07:08.1090955Z,esp32,Outside,79.7468,32.55176,1013.366,26.17
,,1,2025-04-30T23:08:09.6567091Z,esp32,Outside,79.53147,32.68262,1013.392,26.23
,,1,2025-04-30T23:09:11.0922147Z,esp32,Outside,79.32475,32.83984,1013.417,26.31
,,1,2025-04-30T23:10:12.5313508Z,esp32,Outside,79.10081,32.91504,1013.444,26.38
,,1,2025-04-30T23:11:14.0845136Z,esp32,Outside,79.30701,32.87109,1013.419,26.42
,,1,2025-04-30T23:12:15.7207557Z,esp32,Outside,79.19606,29.13867,1013.432,26.33
,,1,2025-04-30T23:13:17.3644137Z,esp32,Outside,79.06028,29.31836,1013.449,26.04
,,1,2025-04-30T23:14:18.9070019Z,esp32,Outside,78.83837,31.37793,1013.475,25.97
,,1,2025-04-30T23:15:20.4497352Z,esp32,Outside,78.67321,31.13672,1013.495,26.01
,,1,2025-04-30T23:16:21.9974134Z,esp32,Outside,78.44421,31.44238,1013.523,26.08
,,1,2025-04-30T23:17:23.4424893Z,esp32,Outside,78.06578,31.75391,1013.568,26.21
,,1,2025-04-30T23:18:24.8869443Z,esp32,Outside,78.56783,31.75195,1013.508,26.35
,,1,2025-04-30T23:19:26.4360109Z,esp32,Outside,78.45789,31.98047,1013.521,26.46
,,1,2025-04-30T23:20:27.9847696Z,esp32,Outside,78.59772,32.11328,1013.504,26.53
,,1,2025-04-30T23:21:29.5339318Z,esp32,Outside,78.52325,32.07324,1013.513,26.63
,,1,2025-04-30T23:22:30.9795633Z,esp32,Outside,78.26943,32.21875,1013.544,26.72
,,1,2025-04-30T23:23:32.4259552Z,esp32,Outside,78.33985,32.30566,1013.535,26.79
,,1,2025-04-30T23:24:33.9779797Z,esp32,Outside,78.62103,32.2998,1013.502,26.86
,,1,2025-04-30T23:25:35.4210827Z,esp32,Outside,78.37886,32.26953,1013.531,26.93
,,1,2025-04-30T23:26:36.8666077Z,esp32,Outside,77.96497,33.13379,1013.581,26.99
,,1,2025-04-30T23:27:38.4126284Z,esp32,Outside,78.61089,33.30859,1013.503,27.17
,,1,2025-04-30T23:28:39.9388823Z,esp32,Outside,78.34391,33.15723,1013.535,27.64
,,1,2025-04-30T23:29:41.5116387Z,esp32,Outside,78.3358,32.64258,1013.536,27.75
,,1,2025-04-30T23:30:42.9556085Z,esp32,Outside,78.39812,32.6084,1013.528,27.76
,,1,2025-04-30T23:31:44.5024444Z,esp32,Outside,78.05869,32.89746,1013.569,27.73
,,1,2025-04-30T23:32:45.9487307Z,esp32,Outside,78.03437,33.26563,1013.572,27.69
,,1,2025-04-30T23:33:47.4975422Z,esp32,Outside,77.8064,33.16895,1013.6,27.64
,,1,2025-04-30T23:34:49.0419699Z,esp32,Outside,77.6671,33.71191,1013.616,27.59
,,1,2025-04-30T23:35:52.7397553Z,esp32,Outside,77.10126,33.56836,1013.685,27.54
,,1,2025-04-30T23:36:54.4314948Z,esp32,Outside,77.36214,34.06641,1013.653,27.5
,,1,2025-04-30T23:37:56.0363227Z,esp32,Outside,77.41128,33.92383,1013.647,27.47
,,1,2025-04-30T23:38:57.5856797Z,esp32,Outside,77.04555,34.43457,1013.691,27.45
,,1,2025-04-30T23:39:59.0287074Z,esp32,Outside,77.24259,34.46777,1013.667,27.44
,,1,2025-04-30T23:41:00.6759138Z,esp32,Outside,77.09721,34.57129,1013.685,27.42
,,1,2025-04-30T23:42:02.3250021Z,esp32,Outside,77.00401,34.59375,1013.696,27.41
,,1,2025-04-30T23:43:03.7723623Z,esp32,Outside,76.61904,34.4502,1013.743,27.37
,,1,2025-04-30T23:44:05.196459Z,esp32,Outside,76.71174,33.86426,1013.731,27.3
,,1,2025-04-30T23:45:06.7601481Z,esp32,Outside,76.34856,34.13477,1013.775,27.19
,,1,2025-04-30T23:46:08.2051593Z,esp32,Outside,76.2888,33.86133,1013.782,27.09
,,1,2025-04-30T23:47:09.8559273Z,esp32,Outside,75.82687,34.14941,1013.838,26.91
,,1,2025-04-30T23:48:11.4000615Z,esp32,Outside,75.44954,33.76172,1013.883,26.69
,,1,2025-04-30T23:49:12.9501001Z,esp32,Outside,75.54475,33.85254,1013.872,26.51
,,1,2025-04-30T23:50:14.6986062Z,esp32,Outside,75.525,33.60938,1013.874,26.38
,,1,2025-04-30T23:51:16.2423545Z,esp32,Outside,75.36446,33.96094,1013.894,26.27
,,1,2025-04-30T23:52:17.672343Z,esp32,Outside,75.35027,34.04883,1013.895,26.19
,,1,2025-04-30T23:53:19.2320487Z,esp32,Outside,75.49512,33.78809,1013.878,26.12
,,1,2025-05-02T13:18:52.3308949Z,esp32,Outside,113.365,49.31445,1009.327,25.45
,,1,2025-05-02T13:19:53.8999037Z,esp32,Outside,113.4031,49.07227,1009.322,25.55
,,1,2025-05-02T13:20:55.4384199Z,esp32,Outside,113.0981,48.83398,1009.359,25.59
,,1,2025-05-02T13:22:00.5632915Z,esp32,Outside,30.71271,48.78711,1009.317,25.59
,,1,2025-05-02T13:23:02.2241657Z,esp32,Outside,30.5705,49.00586,1009.334,25.58
,,1,2025-05-02T13:24:03.5489897Z,esp32,Outside,30.4999,49.22168,1009.343,25.55
,,1,2025-05-02T13:25:04.9848123Z,esp32,Outside,30.72532,49.10254,1009.316,25.52
,,1,2025-05-02T13:26:06.3231804Z,esp32,Outside,30.56646,49.04102,1009.335,25.48
,,1,2025-05-02T13:27:07.7616826Z,esp32,Outside,30.28457,49.14063,1009.369,25.45
,,1,2025-05-02T13:28:09.2027232Z,esp32,Outside,30.2412,49.1377,1009.374,25.41
,,1,2025-05-02T13:29:11.1592249Z,esp32,Outside,30.50343,49.19043,1009.342,25.37
,,1,2025-05-02T13:30:12.6965972Z,esp32,Outside,30.43585,49.29102,1009.35,25.35
,,1,2025-05-02T13:31:13.9700657Z,esp32,Outside,30.77675,50.08398,1009.31,25.32
,,1,2025-05-02T13:32:15.5753921Z,esp32,Outside,30.79945,50.31348,1009.307,25.33
,,1,2025-05-02T13:33:17.1192521Z,esp32,Outside,31.05866,49.8877,1009.276,25.33
,,1,2025-05-02T13:34:18.557943Z,esp32,Outside,31.04605,49.79492,1009.277,25.32
,,1,2025-05-02T13:35:20.2473156Z,esp32,Outside,30.84635,49.67773,1009.301,25.29
,,1,2025-05-02T13:36:21.6862428Z,esp32,Outside,30.88064,49.69922,1009.297,25.29
,,1,2025-05-02T13:37:23.3267079Z,esp32,Outside,30.79894,49.74512,1009.307,25.27
,,1,2025-05-02T13:38:24.9351569Z,esp32,Outside,30.98402,49.78906,1009.285,25.26
,,1,2025-05-02T13:39:26.2702659Z,esp32,Outside,30.90737,49.83398,1009.294,25.26
,,1,2025-05-02T13:40:27.7088058Z,esp32,Outside,31.24526,49.95996,1009.254,25.25
,,1,2025-05-02T13:41:29.250632Z,esp32,Outside,31.17213,49.92578,1009.262,25.25
,,1,2025-05-02T13:42:30.6377784Z,esp32,Outside,30.76465,49.91309,1009.311,25.25
,,1,2025-05-02T13:43:32.1310587Z,esp32,Outside,30.57605,50.03906,1009.334,25.24
,,1,2025-05-02T13:44:33.6792318Z,esp32,Outside,30.34811,49.94824,1009.361,25.24
,,1,2025-05-02T13:45:34.9489717Z,esp32,Outside,30.72834,49.96973,1009.315,25.24
,,1,2025-05-02T13:46:36.4544615Z,esp32,Outside,30.43182,50.02832,1009.351,25.24
,,1,2025-05-02T13:47:37.6330606Z,esp32,Outside,31.22206,50.07324,1009.256,25.23
,,1,2025-05-02T13:48:39.2285125Z,esp32,Outside,31.1096,49.94727,1009.27,25.24
,,1,2025-05-02T13:49:40.8113766Z,esp32,Outside,30.94368,50.09668,1009.29,25.24
,,1,2025-05-02T13:50:42.4157847Z,esp32,Outside,30.87711,50.13184,1009.298,25.24
,,1,2025-05-02T13:51:43.751686Z,esp32,Outside,30.97999,50.02832,1009.285,25.24
,,1,2025-05-02T13:52:45.397091Z,esp32,Outside,31.04051,50.18848,1009.278,25.23
,,1,2025-05-02T13:53:46.8354147Z,esp32,Outside,30.87459,50.28125,1009.298,25.24
,,1,2025-05-02T13:54:48.3278971Z,esp32,Outside,30.67186,50.27051,1009.322,25.24
,,1,2025-05-02T13:55:50.0254506Z,esp32,Outside,30.64211,50.18945,1009.326,25.24
,,1,2025-05-02T13:56:51.6706941Z,esp32,Outside,30.81861,50.22559,1009.305,25.25
,,1,2025-05-02T13:57:52.9564514Z,esp32,Outside,30.55739,50.22656,1009.336,25.26
,,1,2025-05-02T13:58:54.5495631Z,esp32,Outside,30.75457,50.21484,1009.312,25.27
,,1,2025-05-02T13:59:56.1925648Z,esp32,Outside,30.27499,50.19336,1009.37,25.28
,,1,2025-05-02T14:00:57.7381777Z,esp32,Outside,29.93763,50.1709,1009.41,25.28
,,1,2025-05-02T14:01:59.0722313Z,esp32,Outside,30.08236,50.16113,1009.393,25.29
,,1,2025-05-02T14:03:00.6154042Z,esp32,Outside,30.22204,50.09277,1009.376,25.3
,,1,2025-05-02T14:04:02.4631847Z,esp32,Outside,30.24675,50.13965,1009.373,25.31
,,1,2025-05-02T14:05:04.20924Z,esp32,Outside,29.85141,50.12988,1009.42,25.32
,,1,2025-05-02T14:06:05.7522043Z,esp32,Outside,30.0405,50.13086,1009.398,25.34
,,1,2025-05-02T14:07:07.3974067Z,esp32,Outside,30.30877,50.15625,1009.366,25.35
,,1,2025-05-02T14:08:08.8359821Z,esp32,Outside,30.4409,50.27051,1009.35,25.36
,,1,2025-05-02T14:09:10.3786604Z,esp32,Outside,30.43081,50.29688,1009.351,25.39
,,1,2025-05-02T14:10:11.9219638Z,esp32,Outside,30.08135,50.27637,1009.393,25.4
,,1,2025-05-02T14:11:13.3637943Z,esp32,Outside,30.32643,50.28906,1009.364,25.4
,,1,2025-05-02T14:12:14.9084444Z,esp32,Outside,30.21044,50.23438,1009.377,25.44
,,1,2025-05-02T14:13:16.4467358Z,esp32,Outside,30.11211,50.17969,1009.389,25.47
,,1,2025-05-02T14:14:17.8410574Z,esp32,Outside,30.24776,50.21582,1009.373,25.49
,,1,2025-05-02T14:15:19.2218553Z,esp32,Outside,30.335,50.12598,1009.363,25.5
,,1,2025-05-02T14:16:20.7694797Z,esp32,Outside,30.62748,50.19824,1009.328,25.52
,,1,2025-05-02T14:17:22.204847Z,esp32,Outside,30.4177,50.10645,1009.353,25.53
,,1,2025-05-02T14:18:23.6446137Z,esp32,Outside,30.52965,50.07129,1009.339,25.53
,,1,2025-05-02T14:19:25.086269Z,esp32,Outside,30.62093,50.17578,1009.328,25.54
,,1,2025-05-02T14:20:26.6883868Z,esp32,Outside,30.6996,50.14258,1009.319,25.54
,,1,2025-05-02T14:21:28.3740247Z,esp32,Outside,30.71977,50.08496,1009.316,25.55
,,1,2025-05-02T14:22:29.9173146Z,esp32,Outside,30.56394,50.15527,1009.335,25.55
,,1,2025-05-02T14:23:31.459558Z,esp32,Outside,30.41467,50.10938,1009.353,25.56
,,1,2025-05-02T14:24:33.0016857Z,esp32,Outside,30.88972,50.12012,1009.296,25.56
,,1,2025-05-02T14:25:34.5422955Z,esp32,Outside,30.47821,50.12109,1009.345,25.56
,,1,2025-05-02T14:26:35.9848088Z,esp32,Outside,30.20237,50.62207,1009.378,25.61
,,1,2025-05-02T14:27:37.5243339Z,esp32,Outside,30.80499,50.4502,1009.306,25.61
,,1,2025-05-02T14:28:39.1710976Z,esp32,Outside,30.51553,50.2334,1009.341,25.63
,,1,2025-05-02T14:29:40.609946Z,esp32,Outside,30.26137,50.25684,1009.371,25.64
,,1,2025-05-02T14:30:42.1532048Z,esp32,Outside,29.98957,50.31641,1009.404,25.65
,,1,2025-05-02T14:31:43.5488101Z,esp32,Outside,30.13581,50.39551,1009.386,25.64
,,1,2025-05-02T14:32:45.2357271Z,esp32,Outside,30.19985,50.25781,1009.379,25.65
,,1,2025-05-02T14:33:47.0897975Z,esp32,Outside,30.27852,50.29297,1009.369,25.65
,,1,2025-05-02T14:34:48.6265225Z,esp32,Outside,30.32844,50.44238,1009.363,25.66
,,1,2025-05-02T14:35:50.0690447Z,esp32,Outside,30.74801,50.375,1009.313,25.67
,,1,2025-05-02T14:36:51.6128212Z,esp32,Outside,30.18825,50.2959,1009.38,25.68
,,1,2025-05-02T14:37:53.1540258Z,esp32,Outside,30.25633,50.30762,1009.372,25.68
,,1,2025-05-02T14:38:54.5966304Z,esp32,Outside,30.13984,50.41309,1009.386,25.7
,,1,2025-05-02T14:39:56.133955Z,esp32,Outside,29.74602,50.52051,1009.433,25.73
,,1,2025-05-02T14:40:57.5754715Z,esp32,Outside,30.01025,50.42969,1009.401,25.74
,,1,2025-05-02T14:41:59.1171794Z,esp32,Outside,29.93158,50.24805,1009.411,25.76
,,1,2025-05-02T14:43:00.4552129Z,esp32,Outside,29.87057,50.22559,1009.418,25.78
,,1,2025-05-02T14:44:01.8947026Z,esp32,Outside,29.43389,50.34277,1009.47,25.79
,,1,2025-05-02T14:45:03.7419832Z,esp32,Outside,29.27758,50.27441,1009.489,25.79
,,1,2025-05-02T14:46:05.2885885Z,esp32,Outside,29.82115,50.19434,1009.424,25.79
,,1,2025-05-02T14:47:06.72581Z,esp32,Outside,29.55541,50.27539,1009.456,25.81
,,1,2025-05-02T14:48:08.3715209Z,esp32,Outside,29.57104,50.6123,1009.454,25.82
,,1,2025-05-02T14:49:09.9143204Z,esp32,Outside,29.55491,50.4502,1009.456,25.83
,,1,2025-05-02T14:50:11.3533458Z,esp32,Outside,30.40106,50.34863,1009.355,25.85
,,1,2025-05-02T14:51:12.9993221Z,esp32,Outside,30.33348,50.29297,1009.363,25.86
,,1,2025-05-02T14:52:14.5398168Z,esp32,Outside,30.27297,50.43262,1009.37,25.87
,,1,2025-05-02T14:53:16.0854692Z,esp32,Outside,30.67993,50.50195,1009.321,25.87
,,1,2025-05-02T14:54:17.6528014Z,esp32,Outside,30.37584,50.39844,1009.358,25.88
,,1,2025-05-02T14:55:18.9614442Z,esp32,Outside,30.61588,50.85938,1009.329,25.88
,,1,2025-05-02T14:56:20.506358Z,esp32,Outside,30.43434,50.62891,1009.351,25.88
,,1,2025-05-02T14:57:22.0440394Z,esp32,Outside,30.72532,50.46582,1009.316,25.87
,,1,2025-05-02T14:58:23.6942636Z,esp32,Outside,30.65673,50.44238,1009.324,25.86
,,1,2025-05-02T14:59:25.3377179Z,esp32,Outside,31.00067,50.5332,1009.283,25.85
,,1,2025-05-02T15:00:26.9803587Z,esp32,Outside,31.59829,50.55664,1009.211,25.84
,,1,2025-05-02T15:01:28.7287941Z,esp32,Outside,31.50549,50.66016,1009.222,25.84
,,1,2025-05-02T15:02:30.3717138Z,esp32,Outside,31.83886,50.71777,1009.182,25.85
,,1,2025-05-02T15:03:31.915418Z,esp32,Outside,31.60787,50.69434,1009.21,25.84
,,1,2025-05-02T15:04:33.3217971Z,esp32,Outside,31.88778,50.71777,1009.177,25.84
,,1,2025-05-02T15:05:34.8985281Z,esp32,Outside,31.67596,50.84473,1009.202,25.85
,,1,2025-05-02T15:06:36.3373084Z,esp32,Outside,31.95436,50.79883,1009.169,25.85
,,1,2025-05-02T15:07:38.08379Z,esp32,Outside,32.13744,50.71973,1009.147,25.87
,,1,2025-05-02T15:08:39.7282147Z,esp32,Outside,32.44915,50.66309,1009.109,25.88
,,1,2025-05-02T15:09:41.2695369Z,esp32,Outside,32.62619,50.81445,1009.088,25.89
,,1,2025-05-02T15:10:42.812337Z,esp32,Outside,32.56112,50.72266,1009.096,25.89
,,1,2025-05-02T15:11:44.3547504Z,esp32,Outside,33.01911,50.73535,1009.041,25.9
,,1,2025-05-02T15:12:45.8993097Z,esp32,Outside,32.46125,50.875,1009.108,25.91
,,1,2025-05-02T15:13:47.2334299Z,esp32,Outside,32.93488,50.83008,1009.051,25.91
,,1,2025-05-02T15:14:48.8533707Z,esp32,Outside,32.76893,50.84277,1009.071,25.92
,,1,2025-05-02T15:15:50.3144616Z,esp32,Outside,32.55154,50.82031,1009.097,25.94
,,1,2025-05-02T15:16:51.8619459Z,esp32,Outside,32.49404,50.61426,1009.104,25.95
,,1,2025-05-02T15:17:53.3015519Z,esp32,Outside,32.20805,50.91602,1009.138,25.96
,,1,2025-05-02T15:18:54.7411149Z,esp32,Outside,32.27766,50.88086,1009.13,25.97
,,1,2025-05-02T15:19:56.2810418Z,esp32,Outside,31.9816,50.90625,1009.165,25.98
,,1,2025-05-02T15:20:57.8244724Z,esp32,Outside,32.98229,50.83691,1009.046,25.98
,,1,2025-05-02T15:21:59.3663247Z,esp32,Outside,32.88292,50.80469,1009.057,26
,,1,2025-05-02T15:23:00.9928478Z,esp32,Outside,33.01104,50.70117,1009.042,26
,,1,2025-05-02T15:24:02.5672204Z,esp32,Outside,33.33538,50.88574,1009.003,26.01
,,1,2025-05-02T15:25:03.7904847Z,esp32,Outside,32.81533,50.81738,1009.066,26.01
,,1,2025-05-02T15:26:05.3306125Z,esp32,Outside,32.85921,50.75977,1009.06,26.01
,,1,2025-05-02T15:27:06.8755952Z,esp32,Outside,33.42164,50.8291,1008.993,26.02
,,1,2025-05-02T15:28:08.4154557Z,esp32,Outside,32.9268,50.72559,1009.052,26.02
,,1,2025-05-02T15:29:10.0671145Z,esp32,Outside,33.08469,50.92383,1009.033,26.03
,,1,2025-05-02T15:30:11.5014489Z,esp32,Outside,33.02869,51.40918,1009.04,26.04
,,1,2025-05-02T15:31:13.0412447Z,esp32,Outside,33.68041,51.2627,1008.962,26.07
,,1,2025-05-02T15:32:14.5838072Z,esp32,Outside,32.72303,51.24316,1009.077,26.11
,,1,2025-05-02T15:33:16.0243796Z,esp32,Outside,33.27283,51.32715,1009.011,26.13
,,1,2025-05-02T15:34:17.5700802Z,esp32,Outside,33.14925,51.14355,1009.026,26.15
,,1,2025-05-02T15:35:19.1102144Z,esp32,Outside,33.49831,51.20313,1008.984,26.16
,,1,2025-05-02T15:36:20.6501438Z,esp32,Outside,33.51294,51.2959,1008.982,26.16
,,1,2025-05-02T15:37:22.090525Z,esp32,Outside,33.47813,51.19141,1008.986,26.16
,,1,2025-05-02T15:38:23.6334779Z,esp32,Outside,33.24055,51.41113,1009.015,26.17
,,1,2025-05-02T15:39:25.0730326Z,esp32,Outside,33.34396,51.48047,1009.002,26.17
,,1,2025-05-02T15:40:26.9220278Z,esp32,Outside,33.58457,51.51563,1008.974,26.17
,,1,2025-05-02T15:41:28.3628769Z,esp32,Outside,33.77071,51.62988,1008.951,26.17
,,1,2025-05-02T15:42:29.9035933Z,esp32,Outside,33.8489,51.6084,1008.942,26.17
,,1,2025-05-02T15:43:31.3486826Z,esp32,Outside,33.32933,51.68945,1009.004,26.17
,,1,2025-05-02T15:44:32.8848185Z,esp32,Outside,33.15379,51.65527,1009.025,26.18
,,1,2025-05-02T15:45:34.3263289Z,esp32,Outside,33.66225,51.8291,1008.964,26.19
,,1,2025-05-02T15:46:36.0720134Z,esp32,Outside,33.55884,51.70508,1008.977,26.21
,,1,2025-05-02T15:47:37.6171802Z,esp32,Outside,33.94827,51.72656,1008.93,26.2
,,1,2025-05-02T15:48:39.1567695Z,esp32,Outside,34.52589,51.48633,1008.861,26.22
,,1,2025-05-02T15:49:40.7017903Z,esp32,Outside,34.69287,51.72852,1008.841,26.22
,,1,2025-05-02T15:50:42.2541486Z,esp32,Outside,34.47039,51.83398,1008.867,26.23
,,1,2025-05-02T15:51:43.4766545Z,esp32,Outside,34.54506,51.89258,1008.859,26.24
,,1,2025-05-02T15:52:45.0189852Z,esp32,Outside,34.15157,51.98438,1008.906,26.23
,,1,2025-05-02T15:53:46.5657503Z,esp32,Outside,34.369,51.95117,1008.88,26.25
,,1,2025-05-02T15:54:48.2071336Z,esp32,Outside,34.27516,51.84961,1008.891,26.26
,,1,2025-05-02T15:55:49.6477306Z,esp32,Outside,33.81712,51.65332,1008.946,26.27
,,1,2025-05-02T15:56:51.0861939Z,esp32,Outside,34.12181,51.91992,1008.909,26.27
,,1,2025-05-02T15:57:52.52685Z,esp32,Outside,34.03453,51.94434,1008.92,26.29
,,1,2025-05-02T15:58:54.1705054Z,esp32,Outside,34.07237,52.09473,1008.915,26.29
,,1,2025-05-02T15:59:55.7169265Z,esp32,Outside,34.57886,52.03809,1008.855,26.3
,,1,2025-05-02T16:00:57.3579593Z,esp32,Outside,34.22118,52.08398,1008.897,26.31
,,1,2025-05-02T16:01:58.7986935Z,esp32,Outside,34.22875,52.02832,1008.896,26.32
,,1,2025-05-02T16:03:00.548432Z,esp32,Outside,35.02382,52.0166,1008.801,26.32
,,1,2025-05-02T16:04:01.9890038Z,esp32,Outside,34.58138,51.8584,1008.854,26.34
,,1,2025-05-02T16:05:03.4249873Z,esp32,Outside,34.30745,52.23926,1008.887,26.35
,,1,2025-05-02T16:06:04.9664278Z,esp32,Outside,34.44467,52.33301,1008.871,26.36
,,1,2025-05-02T16:07:06.6113506Z,esp32,Outside,35.30837,51.97656,1008.767,26.37
,,1,2025-05-02T16:08:08.0520525Z,esp32,Outside,35.5687,51.9873,1008.736,26.37
,,1,2025-05-02T16:09:09.4916852Z,esp32,Outside,35.18426,52.21973,1008.782,26.38
,,1,2025-05-02T16:10:11.2403056Z,esp32,Outside,35.41179,52.00195,1008.755,26.39
,,1,2025-05-02T16:11:12.6806074Z,esp32,Outside,35.60099,52.25586,1008.732,26.4
,,1,2025-05-02T16:12:14.2201453Z,esp32,Outside,35.48445,52.02637,1008.746,26.41
,,1,2025-05-02T16:13:15.7630717Z,esp32,Outside,35.48495,52.27051,1008.746,26.41
,,1,2025-05-02T16:14:17.2061731Z,esp32,Outside,34.80588,52.4209,1008.827,26.42
,,1,2025-05-02T16:15:18.7448913Z,esp32,Outside,35.33511,52.04199,1008.764,26.44
,,1,2025-05-02T16:16:20.0832922Z,esp32,Outside,35.61159,52.05469,1008.731,26.45
,,1,2025-05-02T16:17:21.4231169Z,esp32,Outside,35.85175,52.36621,1008.702,26.45
,,1,2025-05-02T16:18:23.0653426Z,esp32,Outside,35.82551,52.29785,1008.705,26.46
,,1,2025-05-02T16:19:24.5072024Z,esp32,Outside,36.20998,52.24121,1008.659,26.47
,,1,2025-05-02T16:20:26.046385Z,esp32,Outside,36.02935,52.3584,1008.681,26.48
,,1,2025-05-02T16:21:27.5898693Z,esp32,Outside,36.23824,52.25488,1008.656,26.48
,,1,2025-05-02T16:22:29.1307287Z,esp32,Outside,36.50364,52.07031,1008.624,26.48
,,1,2025-05-02T16:23:30.8849997Z,esp32,Outside,36.71103,52.42578,1008.599,26.47
,,1,2025-05-02T16:24:32.7347749Z,esp32,Outside,36.76754,52.46289,1008.593,26.48
,,1,2025-05-02T16:25:34.1671084Z,esp32,Outside,36.71506,52.27832,1008.599,26.49
,,1,2025-05-02T16:26:35.7075423Z,esp32,Outside,36.65602,52.5332,1008.606,26.49
,,1,2025-05-02T16:27:37.047649Z,esp32,Outside,37.31301,52.56836,1008.527,26.5
,,1,2025-05-02T16:28:38.589427Z,esp32,Outside,37.30393,52.76855,1008.528,26.53
,,1,2025-05-02T16:29:40.0303619Z,esp32,Outside,37.3004,52.3457,1008.529,26.57
,,1,2025-05-02T16:30:41.6755846Z,esp32,Outside,37.20856,52.5,1008.54,26.6
,,1,2025-05-02T16:31:43.3167889Z,esp32,Outside,37.16415,52.32813,1008.545,26.62
,,1,2025-05-02T16:32:44.9631793Z,esp32,Outside,36.93153,52.2832,1008.573,26.63
,,1,2025-05-02T16:33:46.5085816Z,esp32,Outside,36.8296,52.44629,1008.585,26.64
,,1,2025-05-02T16:34:48.1487143Z,esp32,Outside,37.16415,52.5498,1008.545,26.64
,,1,2025-05-02T16:35:49.6911401Z,esp32,Outside,37.51133,52.42285,1008.504,26.64
,,1,2025-05-02T16:36:51.1322046Z,esp32,Outside,36.52534,52.22656,1008.622,26.65
,,1,2025-05-02T16:37:52.5839582Z,esp32,Outside,36.95323,52.41211,1008.57,26.65
,,1,2025-05-02T16:38:54.219465Z,esp32,Outside,37.14801,52.43652,1008.547,26.66
,,1,2025-05-02T16:39:55.6551986Z,esp32,Outside,37.71772,52.42676,1008.479,26.66
,,1,2025-05-02T16:40:56.9952582Z,esp32,Outside,38.20219,52.35742,1008.421,26.67
,,1,2025-05-02T16:41:58.5373892Z,esp32,Outside,38.08056,52.57715,1008.435,26.68
,,1,2025-05-02T16:43:00.0474757Z,esp32,Outside,37.9004,52.62598,1008.457,26.69
,,1,2025-05-02T16:44:01.6241895Z,esp32,Outside,38.21833,52.42969,1008.419,26.7
,,1,2025-05-02T16:45:03.4707863Z,esp32,Outside,38.41112,52.4541,1008.396,26.71
,,1,2025-05-02T16:46:05.013587Z,esp32,Outside,38.12649,52.58203,1008.43,26.71
,,1,2025-05-02T16:47:06.5545632Z,esp32,Outside,37.76213,52.60547,1008.474,26.72
,,1,2025-05-02T16:48:07.9962783Z,esp32,Outside,38.40001,52.65137,1008.397,26.72
,,1,2025-05-02T16:49:09.5349418Z,esp32,Outside,38.74774,52.58496,1008.356,26.74
,,1,2025-05-02T16:50:11.1795961Z,esp32,Outside,38.69424,52.56152,1008.362,26.74
,,1,2025-05-02T16:51:12.7227312Z,esp32,Outside,39.36297,52.4707,1008.282,26.75
,,1,2025-05-02T16:52:14.265677Z,esp32,Outside,38.94558,52.47266,1008.332,26.77
,,1,2025-05-02T16:53:15.8090562Z,esp32,Outside,39.13686,52.70508,1008.309,26.78
,,1,2025-05-02T16:54:17.1466671Z,esp32,Outside,39.54467,52.47461,1008.26,26.78
,,1,2025-05-02T16:55:18.5858157Z,esp32,Outside,39.687,52.65039,1008.243,26.8
,,1,2025-05-02T16:56:20.0259426Z,esp32,Outside,39.77583,52.57031,1008.233,26.81
,,1,2025-05-02T16:57:21.567877Z,esp32,Outside,39.66782,52.70898,1008.246,26.82
,,1,2025-05-02T16:58:23.0072658Z,esp32,Outside,39.99792,52.6416,1008.206,26.83
,,1,2025-05-02T16:59:24.2413329Z,esp32,Outside,40.10947,52.71191,1008.193,26.84
,,1,2025-05-02T17:00:25.6897743Z,esp32,Outside,40.38153,52.70215,1008.16,26.86
,,1,2025-05-02T17:01:27.4278743Z,esp32,Outside,40.51782,52.72656,1008.144,26.87
,,1,2025-05-02T17:02:28.7730885Z,esp32,Outside,40.0807,52.71777,1008.196,26.88
,,1,2025-05-02T17:03:30.6181935Z,esp32,Outside,40.58748,52.90332,1008.136,26.89
,,1,2025-05-02T17:04:32.1568665Z,esp32,Outside,40.22506,52.59375,1008.179,26.91
,,1,2025-05-02T17:05:33.7612647Z,esp32,Outside,40.54255,52.69824,1008.141,26.92
,,1,2025-05-02T17:06:35.3456377Z,esp32,Outside,40.39769,52.51563,1008.158,26.94
,,1,2025-05-02T17:07:36.7954713Z,esp32,Outside,40.32702,52.75977,1008.167,26.95
,,1,2025-05-02T17:08:38.4332197Z,esp32,Outside,40.20386,52.61035,1008.181,26.96
,,1,2025-05-02T17:09:39.8696409Z,esp32,Outside,40.35175,52.7959,1008.164,26.97
,,1,2025-05-02T17:10:41.3122692Z,esp32,Outside,40.89843,52.63574,1008.098,26.98
,,1,2025-05-02T17:11:42.8535906Z,esp32,Outside,41.6834,52.63672,1008.005,26.98
,,1,2025-05-02T17:12:44.3930535Z,esp32,Outside,41.31539,52.71777,1008.049,26.99
,,1,2025-05-02T17:13:45.8361903Z,esp32,Outside,41.36436,52.83594,1008.043,27.01
,,1,2025-05-02T17:14:47.1790255Z,esp32,Outside,41.3477,52.85059,1008.045,27.04
,,1,2025-05-02T17:15:48.7119846Z,esp32,Outside,41.19827,52.67871,1008.063,27.05
,,1,2025-05-02T17:16:50.0105382Z,esp32,Outside,41.44563,52.74902,1008.033,27.06
,,1,2025-05-02T17:17:51.3897637Z,esp32,Outside,41.2326,52.77539,1008.058,27.09
,,1,2025-05-02T17:18:52.9337008Z,esp32,Outside,41.3477,52.7334,1008.045,27.12
,,1,2025-05-02T17:19:54.6784977Z,esp32,Outside,41.06753,52.65527,1008.078,27.15
,,1,2025-05-02T17:20:56.1182091Z,esp32,Outside,40.93578,52.56738,1008.094,27.18
,,1,2025-05-02T17:21:57.5571033Z,esp32,Outside,41.11902,52.59375,1008.072,27.22
,,1,2025-05-02T17:22:59.0999397Z,esp32,Outside,41.12811,52.73633,1008.071,27.25
,,1,2025-05-02T17:24:00.3344447Z,esp32,Outside,41.70763,52.64648,1008.002,27.27
,,1,2025-05-02T17:25:02.0797869Z,esp32,Outside,41.62484,52.69434,1008.012,27.29
,,1,2025-05-02T17:26:03.6310529Z,esp32,Outside,41.87473,52.36133,1007.982,27.3
,,1,2025-05-02T17:27:05.1663872Z,esp32,Outside,41.38253,52.43262,1008.04,27.32
,,1,2025-05-02T17:28:06.604462Z,esp32,Outside,41.81314,52.39941,1007.989,27.33
,,1,2025-05-02T17:29:08.147137Z,esp32,Outside,41.30125,52.48242,1008.05,27.35
,,1,2025-05-02T17:30:09.6924296Z,esp32,Outside,41.50015,52.65723,1008.026,27.36
,,1,2025-05-02T17:31:11.134238Z,esp32,Outside,41.58294,52.61133,1008.017,27.36
,,1,2025-05-02T17:32:12.6735912Z,esp32,Outside,41.7142,52.80664,1008.001,27.35
,,1,2025-05-02T17:33:14.0214239Z,esp32,Outside,41.74348,52.5752,1007.997,27.35
,,1,2025-05-02T17:34:15.4537436Z,esp32,Outside,42.04285,52.53906,1007.961,27.35
,,1,2025-05-02T17:35:16.9936395Z,esp32,Outside,42.44118,52.65527,1007.914,27.35
,,1,2025-05-02T17:36:18.5353837Z,esp32,Outside,42.1731,52.63379,1007.946,27.36
,,1,2025-05-02T17:37:20.0747775Z,esp32,Outside,42.05042,52.59961,1007.961,27.36
,,1,2025-05-02T17:38:21.7219747Z,esp32,Outside,42.02417,52.73828,1007.964,27.36
,,1,2025-05-02T17:39:23.1632167Z,esp32,Outside,41.62283,52.42773,1008.012,27.38
,,1,2025-05-02T17:40:24.7016172Z,esp32,Outside,41.16597,52.83301,1008.066,27.38
,,1,2025-05-02T17:41:26.5530469Z,esp32,Outside,41.01857,52.22168,1008.084,27.39
,,1,2025-05-02T17:42:28.4038931Z,esp32,Outside,41.42746,52.47949,1008.035,27.42
,,1,2025-05-02T17:43:30.0487447Z,esp32,Outside,41.32599,53.00098,1008.047,27.53
,,1,2025-05-02T17:44:31.5912943Z,esp32,Outside,41.10034,50.61523,1008.074,27.5
,,1,2025-05-02T17:45:33.0752734Z,esp32,Outside,41.7879,54.46191,1007.992,27.48
,,1,2025-05-02T17:46:34.7766843Z,esp32,Outside,41.80557,55.07324,1007.99,27.57
,,1,2025-05-02T17:47:36.2383504Z,esp32,Outside,41.74146,51.8252,1007.998,27.67
,,1,2025-05-02T17:48:37.7590582Z,esp32,Outside,41.80305,51.95215,1007.99,27.76
,,1,2025-05-02T17:49:39.2996693Z,esp32,Outside,42.12059,52.27051,1007.952,27.81
,,1,2025-05-02T17:50:40.8435203Z,esp32,Outside,42.22005,52.0166,1007.94,27.83
,,1,2025-05-02T17:51:42.5925662Z,esp32,Outside,41.91058,51.74219,1007.977,27.85
,,1,2025-05-02T17:52:44.337501Z,esp32,Outside,41.83334,51.73633,1007.987,27.9
,,1,2025-05-02T17:53:45.8783095Z,esp32,Outside,42.08525,51.85742,1007.956,27.94
,,1,2025-05-02T17:54:47.3178984Z,esp32,Outside,42.7027,51.18945,1007.883,27.98
,,1,2025-05-02T17:55:48.8608139Z,esp32,Outside,42.14634,51.78809,1007.949,28.05
,,1,2025-05-02T17:56:50.0955793Z,esp32,Outside,42.98695,52.50195,1007.849,28.12
,,1,2025-05-02T17:57:51.639877Z,esp32,Outside,42.52751,52.17578,1007.904,28.2
,,1,2025-05-02T17:58:53.0781286Z,esp32,Outside,42.36494,50.75781,1007.923,28.26
,,1,2025-05-02T17:59:54.6308094Z,esp32,Outside,42.45127,50.95898,1007.913,28.3
,,1,2025-05-02T18:00:56.1623647Z,esp32,Outside,42.57194,50.86816,1007.898,28.32
,,1,2025-05-02T18:01:57.704964Z,esp32,Outside,42.6512,50.95215,1007.889,28.34
,,1,2025-05-02T18:02:59.147378Z,esp32,Outside,42.33718,52.69336,1007.926,28.38
,,1,2025-05-02T18:04:00.7892869Z,esp32,Outside,42.57194,51.29688,1007.898,28.42
,,1,2025-05-02T22:25:32.9372371Z,esp32,Outside,47.64056,42.74023,1007.292,26.53
,,1,2025-05-02T22:26:34.4625336Z,esp32,Outside,47.32537,42.50879,1007.33,26.55
,,1,2025-05-02T22:27:36.2097254Z,esp32,Outside,47.49307,41.89551,1007.31,26.53
,,1,2025-05-02T22:28:37.7530582Z,esp32,Outside,47.44458,42.08105,1007.316,26.54
,,1,2025-05-02T22:29:38.8867084Z,esp32,Outside,47.66431,42.0918,1007.289,26.53
,,1,2025-05-02T22:30:40.491452Z,esp32,Outside,47.58551,41.90527,1007.299,26.52
,,1,2025-05-02T22:31:42.072667Z,esp32,Outside,47.6936,41.73047,1007.286,26.51
,,1,2025-05-02T22:32:43.5132972Z,esp32,Outside,47.94415,41.74219,1007.256,26.51
,,1,2025-05-02T22:33:45.0570575Z,esp32,Outside,47.78402,41.56738,1007.275,26.5
,,1,2025-05-02T22:34:46.5987292Z,esp32,Outside,47.84211,41.71777,1007.268,26.49
,,1,2025-05-02T22:35:48.1399069Z,esp32,Outside,47.87999,41.48535,1007.264,26.49
,,1,2025-05-02T22:36:49.6879948Z,esp32,Outside,47.76331,41.50977,1007.278,26.49
,,1,2025-05-02T22:37:51.3291629Z,esp32,Outside,48.13105,40.98438,1007.234,26.45
,,1,2025-05-02T22:38:52.9786134Z,esp32,Outside,47.86585,40.84961,1007.265,26.37
,,1,2025-05-02T22:39:54.5266002Z,esp32,Outside,47.96283,41.64453,1007.254,26.32
,,1,2025-05-02T22:40:56.0818247Z,esp32,Outside,47.67693,41.64551,1007.288,26.34
,,1,2025-05-02T22:41:57.7248554Z,esp32,Outside,47.67845,41.28418,1007.288,26.31
,,1,2025-05-02T22:42:59.4839216Z,esp32,Outside,47.69461,41.12988,1007.286,26.27
,,1,2025-05-02T22:44:01.0276021Z,esp32,Outside,47.7426,40.99805,1007.28,26.22
,,1,2025-05-02T22:45:02.5793019Z,esp32,Outside,47.28901,41.27734,1007.334,26.23
,,1,2025-05-02T22:46:04.2304231Z,esp32,Outside,47.36275,41.40625,1007.325,26.25
,,1,2025-05-02T22:47:05.5751503Z,esp32,Outside,47.26981,41.13965,1007.337,26.25
,,1,2025-05-02T22:48:07.1229969Z,esp32,Outside,47.02333,41.16504,1007.366,26.27
,,1,2025-05-02T22:49:08.7745681Z,esp32,Outside,46.74503,41.02637,1007.399,26.28
,,1,2025-05-02T22:50:10.4228075Z,esp32,Outside,46.78897,41.03809,1007.394,26.28
,,1,2025-05-02T22:51:11.8722203Z,esp32,Outside,46.57432,40.91211,1007.42,26.28
,,1,2025-05-02T22:52:13.5222391Z,esp32,Outside,46.57432,40.78418,1007.42,26.28
,,1,2025-05-02T22:53:15.0715999Z,esp32,Outside,47.00919,40.79688,1007.368,26.29
,,1,2025-05-02T22:54:16.7266563Z,esp32,Outside,47.06929,40.7627,1007.36,26.3
,,1,2025-05-02T22:55:18.2688428Z,esp32,Outside,46.74503,40.64746,1007.399,26.3
,,1,2025-05-02T22:56:19.8186695Z,esp32,Outside,46.9804,40.49414,1007.371,26.28
,,1,2025-05-02T22:57:21.3634954Z,esp32,Outside,46.66573,40.66797,1007.409,26.27
,,1,2025-05-02T22:58:23.0127059Z,esp32,Outside,46.97181,40.58594,1007.372,26.27
,,1,2025-05-02T22:59:24.4558666Z,esp32,Outside,46.40007,40.51758,1007.44,26.27
,,1,2025-05-02T23:00:25.6944714Z,esp32,Outside,46.39754,40.44727,1007.441,26.27
,,1,2025-05-02T23:01:27.2413992Z,esp32,Outside,46.43946,40.51465,1007.436,26.25
,,1,2025-05-02T23:02:28.9970823Z,esp32,Outside,46.76877,40.47949,1007.396,26.23
,,1,2025-05-02T23:03:30.4395178Z,esp32,Outside,46.64654,40.58203,1007.411,26.21
,,1,2025-05-02T23:04:32.0897162Z,esp32,Outside,46.50361,40.62793,1007.428,26.21
,,1,2025-05-02T23:05:33.5339064Z,esp32,Outside,46.85413,40.66016,1007.386,26.2
,,1,2025-05-02T23:06:34.8744647Z,esp32,Outside,46.82483,40.37012,1007.39,26.18
,,1,2025-05-02T23:07:36.420224Z,esp32,Outside,47.47236,40.49414,1007.312,26.14
,,1,2025-05-02T23:08:37.9708868Z,esp32,Outside,47.38296,40.55078,1007.323,26.13
,,1,2025-05-02T23:09:39.3102511Z,esp32,Outside,47.19809,40.61035,1007.345,26.14
,,1,2025-05-02T23:10:40.8610997Z,esp32,Outside,47.01474,40.65625,1007.367,26.15
,,1,2025-05-02T23:11:42.3022587Z,esp32,Outside,47.15314,40.83203,1007.35,26.16
,,1,2025-05-02T23:12:43.6431453Z,esp32,Outside,47.45216,40.55273,1007.315,26.16
,,1,2025-05-02T23:13:45.0868574Z,esp32,Outside,47.21779,40.57715,1007.343,26.16
,,1,2025-05-02T23:14:46.6342225Z,esp32,Outside,47.41781,40.46191,1007.319,26.17
,,1,2025-05-02T23:15:48.1764248Z,esp32,Outside,47.43852,40.4502,1007.316,26.16
,,1,2025-05-02T23:16:49.6231204Z,esp32,Outside,47.17435,40.47266,1007.348,26.16
,,1,2025-05-02T23:17:51.1243682Z,esp32,Outside,47.35972,40.47461,1007.326,26.18
,,1,2025-05-02T23:18:52.5052123Z,esp32,Outside,47.43852,40.43848,1007.316,26.16
,,1,2025-05-02T23:19:53.9500473Z,esp32,Outside,47.53096,40.47168,1007.305,26.15
,,1,2025-05-02T23:20:55.5991227Z,esp32,Outside,47.57137,40.5293,1007.3,26.14
,,1,2025-05-02T23:21:57.142299Z,esp32,Outside,47.43801,40.37695,1007.316,26.13
,,1,2025-05-02T23:22:58.6890946Z,esp32,Outside,47.4173,40.64648,1007.319,26.17
,,1,2025-05-02T23:24:00.2389899Z,esp32,Outside,47.20163,40.7627,1007.345,26.17
,,1,2025-05-02T23:25:01.7810999Z,esp32,Outside,47.04454,41.97949,1007.363,26.32
,,1,2025-05-02T23:26:03.2222669Z,esp32,Outside,47.24506,41.65332,1007.339,26.42
,,1,2025-05-02T23:27:04.9739608Z,esp32,Outside,46.75968,41.22266,1007.398,26.52
,,1,2025-05-02T23:28:06.5205591Z,esp32,Outside,46.8708,43.49121,1007.384,26.77
,,1,2025-05-02T23:29:08.0790972Z,esp32,Outside,47.27739,40.86328,1007.336,26.76
,,1,2025-05-02T23:30:09.6208884Z,esp32,Outside,47.21931,42.09277,1007.343,26.79
,,1,2025-05-02T23:31:10.9612472Z,esp32,Outside,47.21426,40.9209,1007.343,26.77
,,1,2025-05-02T23:32:12.508438Z,esp32,Outside,47.02535,40.83887,1007.366,26.76
,,1,2025-05-02T23:33:13.9656042Z,esp32,Outside,46.95818,40.88379,1007.374,26.75
,,1,2025-05-02T23:34:15.5964591Z,esp32,Outside,46.46523,40.90723,1007.433,26.74
,,1,2025-05-02T23:35:17.1400983Z,esp32,Outside,46.85867,40.91895,1007.386,26.73
,,1,2025-05-02T23:36:18.5836938Z,esp32,Outside,46.85867,40.91895,1007.386,26.73
,,1,2025-05-02T23:37:19.9274858Z,esp32,Outside,47.07081,40.83691,1007.36,26.74
,,1,2025-05-02T23:38:21.4686335Z,esp32,Outside,46.991,40.89551,1007.37,26.73
,,1,2025-05-02T23:39:23.1174553Z,esp32,Outside,47.07081,40.94141,1007.36,26.74
,,1,2025-05-02T23:40:24.4644536Z,esp32,Outside,47.29557,40.87207,1007.333,26.74
,,1,2025-05-02T23:41:26.001354Z,esp32,Outside,47.35467,40.92969,1007.326,26.74
,,1,2025-05-02T23:42:27.5465616Z,esp32,Outside,46.96626,40.77832,1007.373,26.73
,,1,2025-05-02T23:43:28.9899465Z,esp32,Outside,46.89302,40.83691,1007.382,26.74
,,1,2025-05-02T23:44:30.4333478Z,esp32,Outside,47.00666,40.82617,1007.368,26.74
,,1,2025-05-02T23:45:31.9782051Z,esp32,Outside,46.7324,41.67188,1007.401,26.75
,,1,2025-05-02T23:46:33.5207653Z,esp32,Outside,46.35815,41.21973,1007.445,26.74
,,1,2025-05-02T23:47:34.8637695Z,esp32,Outside,46.38744,41.01074,1007.442,26.74
,,1,2025-05-02T23:48:36.2102177Z,esp32,Outside,46.01472,40.99902,1007.487,26.75
,,1,2025-05-02T23:49:37.8462589Z,esp32,Outside,45.93644,40.90723,1007.496,26.75
,,1,2025-05-02T23:50:39.2879308Z,esp32,Outside,45.94098,40.98828,1007.495,26.75
,,1,2025-05-02T23:51:40.8325828Z,esp32,Outside,45.61474,40.83789,1007.534,26.75
,,1,2025-05-02T23:52:42.3769216Z,esp32,Outside,46.01371,40.84961,1007.487,26.75
,,1,2025-05-02T23:53:43.9202157Z,esp32,Outside,45.90715,40.84961,1007.499,26.75
,,1,2025-05-02T23:54:45.4641481Z,esp32,Outside,45.98341,40.76855,1007.49,26.75
,,1,2025-05-02T23:55:47.1108869Z,esp32,Outside,46.20058,40.72363,1007.464,26.76
,,1,2025-05-02T23:56:48.5525155Z,esp32,Outside,46.14704,40.72168,1007.471,26.75
,,1,2025-05-02T23:57:50.096582Z,esp32,Outside,46.32987,40.73438,1007.449,26.75
,,1,2025-05-02T23:58:51.6420926Z,esp32,Outside,46.23037,40.62891,1007.461,26.74
,,1,2025-05-02T23:59:53.084276Z,esp32,Outside,46.20108,41.17188,1007.464,26.72
,,1,2025-05-03T00:00:54.6281527Z,esp32,Outside,46.14249,41.10254,1007.471,26.72
,,1,2025-05-03T00:01:56.172667Z,esp32,Outside,45.79402,40.66309,1007.513,26.73
,,1,2025-05-03T00:02:57.6135159Z,esp32,Outside,45.58191,40.41699,1007.538,26.7
,,1,2025-05-03T00:03:59.1562971Z,esp32,Outside,45.37536,40.34863,1007.563,26.71
,,1,2025-05-03T00:05:00.7028572Z,esp32,Outside,45.55616,40.18457,1007.541,26.7
,,1,2025-05-03T00:06:02.1931803Z,esp32,Outside,45.59151,40.23047,1007.537,26.68
,,1,2025-05-03T00:07:03.8913444Z,esp32,Outside,45.64554,40.11426,1007.531,26.68
,,1,2025-05-03T00:08:05.231014Z,esp32,Outside,45.75665,40.25195,1007.517,26.67
,,1,2025-05-03T00:09:06.8775478Z,esp32,Outside,45.87482,40.06641,1007.503,26.67
,,1,2025-05-03T00:10:08.4206091Z,esp32,Outside,45.88897,40.10156,1007.502,26.67
,,1,2025-05-03T00:11:09.9644687Z,esp32,Outside,46.04048,40.05469,1007.483,26.67
,,1,2025-05-03T00:12:11.5089278Z,esp32,Outside,45.68797,40.03125,1007.526,26.67
,,1,2025-05-03T00:13:12.948205Z,esp32,Outside,45.53292,39.99707,1007.544,26.67
,,1,2025-05-03T00:14:14.5950467Z,esp32,Outside,45.84604,40.10059,1007.507,26.66
,,1,2025-05-03T00:15:15.9334707Z,esp32,Outside,45.44758,40.05371,1007.554,26.66
,,1,2025-05-03T00:16:17.3758302Z,esp32,Outside,45.18144,40.05273,1007.586,26.65
,,1,2025-05-03T00:17:18.9186284Z,esp32,Outside,45.12993,40.2373,1007.592,26.65
,,1,2025-05-03T00:18:20.2641817Z,esp32,Outside,44.94258,40.15625,1007.615,26.64
,,1,2025-05-03T00:19:21.8033759Z,esp32,Outside,44.98096,40.28516,1007.61,26.65
,,1,2025-05-03T00:20:23.3463191Z,esp32,Outside,44.54062,40.30762,1007.663,26.65
,,1,2025-05-03T00:21:24.8898627Z,esp32,Outside,44.81381,40.36621,1007.63,26.66
,,1,2025-05-03T00:22:26.3302055Z,esp32,Outside,44.37196,40.4248,1007.683,26.66
,,1,2025-05-03T00:23:27.8725578Z,esp32,Outside,44.05788,40.07715,1007.721,26.66
,,1,2025-05-03T00:24:29.521103Z,esp32,Outside,43.97961,40.22852,1007.73,26.66
,,1,2025-05-03T00:25:30.8598243Z,esp32,Outside,44.10686,40.56348,1007.715,26.66
,,1,2025-05-03T00:26:32.4024122Z,esp32,Outside,43.64989,40.29688,1007.769,26.66
,,1,2025-05-03T00:27:33.8424249Z,esp32,Outside,44.02354,39.93652,1007.725,26.64
,,1,2025-05-03T00:28:35.3866047Z,esp32,Outside,44.09777,39.95996,1007.716,26.65
,,1,2025-05-03T00:29:36.9295955Z,esp32,Outside,43.79228,39.86719,1007.752,26.63
,,1,2025-05-03T00:30:38.3847175Z,esp32,Outside,44.33257,39.86719,1007.688,26.64
,,1,2025-05-03T00:31:39.914413Z,esp32,Outside,44.2033,39.85449,1007.703,26.63
,,1,2025-05-03T00:32:41.5668844Z,esp32,Outside,43.82157,39.86426,1007.749,26.62
,,1,2025-05-03T00:33:43.1044164Z,esp32,Outside,43.56052,39.94531,1007.78,26.61
,,1,2025-05-03T00:34:44.3404469Z,esp32,Outside,42.94656,40.35059,1007.853,26.61
,,1,2025-05-03T00:35:46.0002728Z,esp32,Outside,42.92233,40.38574,1007.856,26.61
,,1,2025-05-03T00:36:47.8358625Z,esp32,Outside,42.69311,40.28223,1007.884,26.62
,,1,2025-05-03T00:37:49.4863164Z,esp32,Outside,42.53811,40.71191,1007.902,26.63
,,1,2025-05-03T00:38:50.8482212Z,esp32,Outside,42.53559,40.50195,1007.903,26.62
,,1,2025-05-03T00:39:52.4667859Z,esp32,Outside,42.38766,40.68652,1007.92,26.61
,,1,2025-05-03T00:40:54.0100368Z,esp32,Outside,42.55427,40.67383,1007.9,26.6
,,1,2025-05-03T00:41:55.5530424Z,esp32,Outside,42.65171,40.5459,1007.889,26.59
,,1,2025-05-03T00:42:56.7918744Z,esp32,Outside,42.54417,40.83301,1007.902,26.57
,,1,2025-05-03T00:43:58.3326787Z,esp32,Outside,42.87436,40.75391,1007.862,26.58
,,1,2025-05-03T00:44:59.8813178Z,esp32,Outside,42.46036,40.71973,1007.912,26.59
,,1,2025-05-03T00:46:01.5208706Z,esp32,Outside,42.08424,40.91797,1007.957,26.6
,,1,2025-05-03T00:47:03.0667339Z,esp32,Outside,41.75812,40.81445,1007.996,26.61
,,1,2025-05-03T00:48:04.4012234Z,esp32,Outside,41.12003,40.98828,1008.072,26.61
,,1,2025-05-03T00:49:06.0437395Z,esp32,Outside,40.91054,41.08105,1008.097,26.62
,,1,2025-05-03T00:50:07.5913224Z,esp32,Outside,41.13113,41.08105,1008.071,26.62
,,1,2025-05-03T00:51:08.8359868Z,esp32,Outside,40.75254,40.95605,1008.116,26.64
,,1,2025-05-03T00:52:10.4722827Z,esp32,Outside,40.6637,41.08301,1008.126,26.64
,,1,2025-05-03T00:53:12.0165885Z,esp32,Outside,40.73235,41.03613,1008.118,26.63
,,1,2025-05-03T00:54:13.6614155Z,esp32,Outside,40.3886,41.03711,1008.159,26.63
,,1,2025-05-03T00:55:15.2045755Z,esp32,Outside,40.36538,41.12988,1008.162,26.64
,,1,2025-05-03T00:56:16.6433179Z,esp32,Outside,40.3891,41.22168,1008.159,26.64
,,1,2025-05-03T00:57:18.1946651Z,esp32,Outside,40.45271,41.32617,1008.152,26.64
,,1,2025-05-03T00:58:19.7326827Z,esp32,Outside,40.12865,41.36133,1008.19,26.64
,,1,2025-05-03T00:59:20.9653131Z,esp32,Outside,40.17307,41.26855,1008.185,26.64
,,1,2025-05-03T01:00:22.5103481Z,esp32,Outside,39.93735,41.25684,1008.213,26.64
,,1,2025-05-03T01:01:24.0517393Z,esp32,Outside,39.84397,41.25684,1008.225,26.64
,,1,2025-05-03T01:02:25.6983568Z,esp32,Outside,39.2065,41.31445,1008.301,26.65
,,1,2025-05-03T01:03:27.2404142Z,esp32,Outside,39.1949,41.24609,1008.302,26.65
,,1,2025-05-03T01:04:28.7849443Z,esp32,Outside,39.20045,41.17578,1008.302,26.64
,,1,2025-05-03T01:05:30.2226418Z,esp32,Outside,39.07175,41.38281,1008.317,26.63
,,1,2025-05-03T01:06:31.6760487Z,esp32,Outside,38.68415,41.29102,1008.363,26.63
,,1,2025-05-03T01:07:33.1049348Z,esp32,Outside,38.36519,41.12891,1008.401,26.63
,,1,2025-05-03T01:08:34.544801Z,esp32,Outside,38.27637,41.26758,1008.412,26.63
,,1,2025-05-03T01:09:36.1904013Z,esp32,Outside,37.98165,41.18652,1008.447,26.63
,,1,2025-05-03T01:10:37.733458Z,esp32,Outside,37.74699,41.40723,1008.475,26.64
,,1,2025-05-03T01:11:39.2102134Z,esp32,Outside,37.61831,41.40625,1008.491,26.63
,,1,2025-05-03T01:12:40.6153274Z,esp32,Outside,37.86104,41.17383,1008.462,26.62
,,1,2025-05-03T01:13:42.0566433Z,esp32,Outside,38.01294,41.13965,1008.444,26.62
,,1,2025-05-03T01:14:43.4047201Z,esp32,Outside,38.09924,41.91406,1008.433,26.61
,,1,2025-05-03T01:15:44.9372837Z,esp32,Outside,38.30161,41.59961,1008.409,26.59
,,1,2025-05-03T01:16:46.5827628Z,esp32,Outside,38.07299,41.5293,1008.436,26.58
,,1,2025-05-03T01:17:47.9306701Z,esp32,Outside,37.81108,41.43652,1008.468,26.57
,,1,2025-05-03T01:18:49.4648232Z,esp32,Outside,37.94279,41.38867,1008.452,26.57
,,1,2025-05-03T01:19:50.8123735Z,esp32,Outside,37.91201,41.34082,1008.456,26.55
,,1,2025-05-03T01:20:52.3477151Z,esp32,Outside,37.62235,41.53809,1008.49,26.55
,,1,2025-05-03T01:21:53.8870306Z,esp32,Outside,37.69148,41.53809,1008.482,26.55
,,1,2025-05-03T01:22:55.3257609Z,esp32,Outside,37.82319,41.64063,1008.466,26.55
,,1,2025-05-03T01:23:56.8689756Z,esp32,Outside,37.29333,41.46875,1008.53,26.55
,,1,2025-05-03T01:24:58.4148507Z,esp32,Outside,37.90646,41.56055,1008.456,26.55
,,1,2025-05-03T01:25:59.9798315Z,esp32,Outside,37.62285,41.72363,1008.49,26.56
,,1,2025-05-03T01:27:01.6009065Z,esp32,Outside,37.48509,41.63086,1008.507,26.55
,,1,2025-05-03T01:28:03.1468981Z,esp32,Outside,37.73539,41.7002,1008.477,26.55
,,1,2025-05-03T01:29:04.584945Z,esp32,Outside,37.50477,41.57324,1008.504,26.56
,,1,2025-05-03T01:30:05.8180703Z,esp32,Outside,37.85347,41.6084,1008.463,26.56
,,1,2025-05-03T01:31:07.4634635Z,esp32,Outside,37.67685,41.48145,1008.484,26.56
,,1,2025-05-03T01:32:08.9057386Z,esp32,Outside,37.59813,41.46875,1008.493,26.56
,,1,2025-05-03T01:33:10.4479138Z,esp32,Outside,37.64708,41.7002,1008.487,26.55
,,1,2025-05-03T01:34:11.8896723Z,esp32,Outside,37.35742,41.47949,1008.522,26.55
,,1,2025-05-03T01:35:13.433485Z,esp32,Outside,37.33219,41.82715,1008.525,26.55
,,1,2025-05-03T01:36:14.8898904Z,esp32,Outside,37.41091,42.11523,1008.516,26.55
,,1,2025-05-03T01:37:16.5191674Z,esp32,Outside,37.21108,41.82813,1008.54,26.56
,,1,2025-05-03T01:38:17.8538692Z,esp32,Outside,37.35793,41.85156,1008.522,26.56
,,1,2025-05-03T01:39:19.2971859Z,esp32,Outside,37.01479,41.72461,1008.563,26.57
,,1,2025-05-03T01:40:20.8389551Z,esp32,Outside,37.09603,41.66699,1008.553,26.56
,,1,2025-05-03T01:41:22.3072718Z,esp32,Outside,36.74937,41.57422,1008.595,26.56
,,1,2025-05-03T01:42:23.9235938Z,esp32,Outside,36.44057,41.53906,1008.632,26.56
,,1,2025-05-03T01:43:25.3656254Z,esp32,Outside,36.32199,41.43359,1008.646,26.55
,,1,2025-05-03T01:44:26.7250449Z,esp32,Outside,36.4991,41.57422,1008.625,26.56
,,1,2025-05-03T01:45:28.4544922Z,esp32,Outside,36.56217,41.49121,1008.617,26.55
,,1,2025-05-03T01:46:29.8901506Z,esp32,Outside,36.21452,41.85156,1008.659,26.57
,,1,2025-05-03T01:47:31.3432842Z,esp32,Outside,35.93046,42.27148,1008.693,26.59
,,1,2025-05-03T01:48:32.772442Z,esp32,Outside,35.60099,42.91113,1008.732,26.63
,,1,2025-05-03T01:49:34.3121592Z,esp32,Outside,35.81895,43.05078,1008.706,26.65
,,1,2025-05-03T01:50:35.8573091Z,esp32,Outside,35.7347,43.05566,1008.716,26.68
,,1,2025-05-03T01:51:37.5026677Z,esp32,Outside,35.45871,43.08105,1008.749,26.72
,,1,2025-05-03T01:52:39.0442992Z,esp32,Outside,35.82349,43.10742,1008.706,26.75
,,1,2025-05-03T01:53:40.5884024Z,esp32,Outside,35.6348,42.99414,1008.728,26.78
,,1,2025-05-03T01:54:42.1305353Z,esp32,Outside,35.81794,42.95117,1008.706,26.81
,,1,2025-05-03T01:55:43.7805136Z,esp32,Outside,35.7357,42.79199,1008.716,26.83
,,1,2025-05-03T01:56:45.1153552Z,esp32,Outside,35.70392,42.72461,1008.72,26.86
,,1,2025-05-03T01:57:46.6529339Z,esp32,Outside,35.4678,42.88965,1008.748,26.88
,,1,2025-05-03T01:58:47.9945459Z,esp32,Outside,35.48899,42.68359,1008.746,26.91
,,1,2025-05-03T01:59:49.6366078Z,esp32,Outside,35.46527,42.62793,1008.748,26.94
,,1,2025-05-03T02:00:51.2838678Z,esp32,Outside,35.56315,42.71094,1008.737,26.96
,,1,2025-05-03T02:01:52.7235547Z,esp32,Outside,35.43399,42.57422,1008.752,26.98
,,1,2025-05-03T02:02:54.1718755Z,esp32,Outside,35.5127,42.51855,1008.743,27
,,1,2025-05-03T02:03:55.7045368Z,esp32,Outside,35.10757,42.3457,1008.791,27.02
,,1,2025-05-03T02:04:57.2478483Z,esp32,Outside,35.55912,42.4873,1008.737,27.04
,,1,2025-05-03T02:05:58.7050565Z,esp32,Outside,35.49504,42.97656,1008.745,27.08
,,1,2025-05-03T02:07:00.641085Z,esp32,Outside,35.33511,42.63477,1008.764,27.13
,,1,2025-05-03T02:08:02.1839375Z,esp32,Outside,36.00311,42.3584,1008.684,27.15
,,1,2025-05-03T02:09:03.8299592Z,esp32,Outside,35.43853,41.57129,1008.752,27.17
,,1,2025-05-03T02:10:05.2740579Z,esp32,Outside,36.26801,41.64063,1008.652,27.17
,,1,2025-05-03T02:11:06.8159067Z,esp32,Outside,36.19535,40.99023,1008.661,27.15
,,1,2025-05-03T02:12:08.2533921Z,esp32,Outside,36.1898,40.74512,1008.662,27.13
,,1,2025-05-03T02:13:09.9017007Z,esp32,Outside,36.0122,40.40625,1008.683,27.11
,,1,2025-05-03T02:14:11.3380919Z,esp32,Outside,35.93399,40.46289,1008.692,27.09
,,1,2025-05-03T02:15:12.9839241Z,esp32,Outside,35.67314,40.37988,1008.724,27.06
,,1,2025-05-03T02:16:14.2305444Z,esp32,Outside,35.74579,40.35352,1008.715,27.04
,,1,2025-05-03T02:17:15.6572048Z,esp32,Outside,35.74075,40.27148,1008.715,27.02
,,1,2025-05-03T02:18:17.2044422Z,esp32,Outside,35.45367,40.25879,1008.75,27
,,1,2025-05-03T02:19:18.7446464Z,esp32,Outside,35.67163,40.39551,1008.724,26.98
,,1,2025-05-03T02:20:20.1837325Z,esp32,Outside,35.59695,40.35938,1008.733,26.97
,,1,2025-05-03T02:21:21.6238949Z,esp32,Outside,35.36588,40.32324,1008.76,26.95
,,1,2025-05-03T02:22:23.2687437Z,esp32,Outside,35.20292,40.42676,1008.78,26.94
,,1,2025-05-03T02:23:24.8107775Z,esp32,Outside,35.08789,40.37793,1008.794,26.92
,,1,2025-05-03T02:24:26.1516992Z,esp32,Outside,35.25792,40.41211,1008.773,26.91
,,1,2025-05-03T02:25:27.6908221Z,esp32,Outside,35.27204,40.46777,1008.772,26.88
,,1,2025-05-03T02:26:29.2346814Z,esp32,Outside,35.1888,40.41016,1008.782,26.88
,,1,2025-05-03T02:27:30.7781452Z,esp32,Outside,35.19384,40.39746,1008.781,26.86
,,1,2025-05-03T02:28:32.2171761Z,esp32,Outside,35.22966,40.44141,1008.777,26.85
,,1,2025-05-03T02:29:33.760064Z,esp32,Outside,35.52935,40.41797,1008.741,26.83
,,1,2025-05-03T02:30:35.4060304Z,esp32,Outside,34.85532,40.38184,1008.821,26.82
,,1,2025-05-03T02:31:36.9477207Z,esp32,Outside,35.06065,40.39258,1008.797,26.82
,,1,2025-05-03T02:32:38.2906246Z,esp32,Outside,34.78267,40.4043,1008.83,26.81
,,1,2025-05-03T02:33:39.8301507Z,esp32,Outside,34.91838,40.37891,1008.814,26.8
,,1,2025-05-03T02:34:41.2673846Z,esp32,Outside,34.92847,40.33105,1008.813,26.78
,,1,2025-05-03T02:35:42.913386Z,esp32,Outside,34.70901,40.39941,1008.839,26.77
,,1,2025-05-03T02:36:44.1506738Z,esp32,Outside,34.53699,40.42285,1008.86,26.77
,,1,2025-05-03T02:37:45.5898401Z,esp32,Outside,34.36597,40.40918,1008.88,26.75
,,1,2025-05-03T02:38:47.1317232Z,esp32,Outside,33.79492,41.25391,1008.948,26.74
